performance_id,employee_id,review_period,performance_score,kpi_score,feedback_notes
1,1,H1-2022,5,4.7,Set rather special a student.
2,1,H2-2024,5,3.2,Detail PM area man memory gas.
3,2,H2-2023,3,3.2,Computer base require film wear get.
4,2,H1-2023,4,4.6,Black life bit be eight.
5,3,H2-2023,4,4.3,Official different book.
6,4,H1-2024,4,3.7,Lead situation information.
7,4,H1-2023,5,4.1,Property close open expect around air.
8,5,H2-2022,3,3.4,Vote race cell table down any.
9,6,H1-2024,5,4.7,Help own friend task suggest.
10,7,H2-2024,4,5,Activity story enough especially.
11,7,H2-2023,3,4.6,Quickly over allow different I town north country.
12,8,H2-2022,5,2.9,Opportunity somebody never care relate.
13,9,H1-2024,3,4.8,Dog activity voice training season interview.
14,9,H1-2023,5,2.8,Arrive effort more firm like movement task around.
15,10,H1-2022,5,4.9,Management meeting collection.
16,10,H2-2022,3,3.1,Food help someone minute minute detail something.
17,11,H1-2022,5,4.9,Third memory research.
18,11,H1-2023,5,2.8,May call just use.
19,12,H1-2022,5,4,Suddenly official none hand break trouble family.
20,13,H1-2022,3,2.6,Option body think nation quite main trade.
21,14,H1-2022,4,4.7,Father early surface seat.
22,14,H2-2023,3,2.9,Yourself share fast.
23,15,H2-2023,5,2,Put or base indeed.
24,15,H2-2022,5,3.5,Cultural street west.
25,16,H2-2024,4,3.2,Low week entire anything partner newspaper present final.
26,16,H1-2022,3,3.7,Really watch special stuff.
27,17,H2-2022,4,3.6,Sometimes reduce mother power trade understand.
28,18,H1-2023,4,2.1,Democrat phone size black whether high culture.
29,18,H2-2023,3,4,Knowledge world board guess any such share.
30,19,H1-2024,5,3.7,Cover conference environmental.
31,19,H2-2024,5,3.2,Girl or trip or reflect over.
32,20,H1-2023,4,4.6,Travel bring provide oil.
33,21,H1-2024,3,3.8,Hundred soldier within law nature develop middle.
34,21,H2-2024,3,4.7,Story have form how stand receive wish.
35,22,H1-2024,5,3.8,Born phone way ago toward myself design.
36,23,H2-2022,4,3,Adult common short break development though describe.
37,24,H1-2022,4,2.9,Yard local Republican though case including just detail.
38,24,H1-2023,4,2.9,Official attack yes professional.
39,25,H1-2024,5,3.5,Dream pressure again much this small.
40,25,H2-2022,5,3.3,Service interesting many worry foot offer.
41,26,H2-2024,5,2.8,Effort my offer.
42,27,H1-2022,4,3.7,Mouth possible culture stuff star argue.
43,27,H1-2023,3,2.3,Drive ground finish risk few.
44,28,H2-2022,3,4.6,Term care we.
45,29,H1-2024,3,3.1,Yes job your occur by machine investment.
46,29,H1-2022,5,4.5,Economic ground light training.
47,30,H2-2023,3,3.5,Majority small instead.
48,31,H2-2023,5,3.2,Very actually front sort travel window former successful.
49,32,H2-2022,4,2.2,Beyond bed pattern.
50,33,H2-2024,4,4,Claim region suffer section door article court majority.
51,33,H2-2023,4,4.1,Guy present industry to.
52,34,H1-2024,5,2.9,Let arm performance see even.
53,34,H2-2024,4,3.6,One stock although market high agreement career.
54,35,H2-2023,4,2.1,Message beyond audience themselves recently executive.
55,36,H1-2023,3,4.2,Join concern tough certainly them traditional performance.
56,37,H2-2024,5,3.1,Data including life life local another energy.
57,38,H2-2024,5,4.8,Likely opportunity main hair blue matter.
58,38,H1-2023,3,4.8,Sea want maybe word yourself.
59,39,H1-2023,4,2.4,Country style good particular.
60,40,H1-2023,4,3.8,Teach commercial school address bill population clearly.
61,40,H1-2022,3,4,Consumer approach hot include better painting sit.
62,41,H1-2023,5,3.7,Design success sister never.
63,41,H2-2022,4,3.8,Stage measure life explain line interesting.
64,42,H2-2023,5,4.1,Weight sister senior item enjoy happy.
65,43,H2-2023,5,3,Church road their control.
66,44,H1-2023,3,2.3,What pattern very go sound.
67,45,H2-2024,4,3.7,Price dinner group goal control.
68,46,H1-2023,4,4,Put fact crime her.
69,47,H1-2022,4,3.2,Day explain pressure challenge act.
70,48,H2-2022,5,4,Responsibility drive significant eight ability.
71,49,H1-2023,3,3.2,Question attack audience still true specific attack.
72,50,H2-2023,4,2.3,Defense true us.
73,51,H1-2023,4,4.9,Ahead drive ask.
74,51,H2-2023,3,3.5,Area budget create wind.
75,52,H1-2023,4,4.4,Mind side nation.
76,52,H1-2024,3,3,Prove rather bed behavior.
77,53,H2-2024,3,2.2,Some dark effort eight future those coach.
78,54,H1-2023,5,2.5,College loss very produce.
79,54,H2-2023,3,3.1,Strong leader away garden way.
80,55,H2-2024,5,2.7,Air sign beautiful sign major we read.
81,55,H1-2023,4,4.5,With team soldier size walk stock.
82,56,H1-2024,5,2.9,Whole financial sing right value black never.
83,56,H1-2022,5,2.6,Why two business main throw.
84,57,H1-2022,5,3.5,Recently present spring off issue.
85,58,H2-2022,3,3.7,Current push man information.
86,59,H2-2022,4,3.5,Wear run prevent win away president care soldier.
87,59,H1-2024,3,3.2,Recognize special way during.
88,60,H2-2024,5,4.9,Bar attack question listen ahead.
89,60,H2-2023,5,2.8,Take Congress she.
90,61,H2-2023,4,4.2,Within local everything out big.
91,62,H2-2022,3,3.2,Let hope work American adult clearly these.
92,63,H2-2024,3,4.7,Church walk part mother middle music would.
93,64,H2-2024,3,2.4,Key front person agree.
94,65,H1-2024,4,3.5,Pay available speak painting name drug price.
95,65,H2-2022,3,2.6,Name create rise assume experience.
96,66,H1-2024,4,3.8,Try magazine tend cell leader some.
97,67,H1-2024,3,3.7,West thing finally picture program.
98,68,H2-2024,4,2.2,Significant ahead number chair write.
99,68,H2-2022,3,2.7,Determine store situation employee.
100,69,H1-2022,5,4.7,Choose wonder of image.
101,70,H2-2023,4,4,Term market country stock.
102,70,H1-2024,5,2,Along always nearly improve.
103,71,H2-2022,4,3.4,Cultural group different event.
104,72,H2-2023,4,4.2,You say air decade quite according trial factor.
105,72,H2-2022,3,3.4,Although night accept begin forward chair.
106,73,H1-2022,4,4.2,Blood group someone father now as no.
107,74,H2-2023,5,4.9,Development important organization economy weight.
108,75,H2-2022,4,2,Tree able education week.
109,76,H2-2024,5,4,Instead option happen family.
110,76,H1-2022,3,4.5,How not finish task identify we billion hotel.
111,77,H1-2022,3,2.3,Very name six know.
112,78,H2-2022,4,3.7,Also real green scene shake war idea.
113,78,H1-2023,5,2.8,Serve raise blue focus everything process as.
114,79,H1-2023,4,4.9,Player community reach hand.
115,80,H1-2022,3,3.6,Oil decide modern.
116,80,H1-2023,3,2.8,Scene blood leave news.
117,81,H1-2024,3,4.4,Occur miss recent agent agency while career risk.
118,81,H2-2023,4,2.6,Article spend feeling better use recently record.
119,82,H1-2023,4,4.3,Among water page will serious stage down.
120,83,H2-2022,4,2,Soldier smile middle either.
121,84,H1-2023,4,3.7,Television strategy town be clearly store game.
122,85,H1-2024,3,4,Collection sometimes size board federal.
123,86,H1-2022,5,3.5,Most always each product be city.
124,87,H2-2022,6,2.7,Time ask baby resource.
125,87,H2-2024,4,2.9,Reality summer member key fall benefit.
126,88,H1-2022,5,3,Support imagine kind never.
127,89,H2-2022,4,2.1,Whether require want play bar talk remember today.
128,89,H1-2024,3,4.1,Trade enough finish.
129,90,H2-2022,3,2.8,Develop wind trip machine care social total.
130,90,H1-2022,5,2.3,Current capital success total.
131,91,H2-2022,4,2,Friend on work several commercial.
132,92,H1-2024,5,3.5,Moment front song school land involve particular.
133,92,H2-2022,3,4.3,Behavior only trial drive difficult media.
134,93,H1-2024,4,4.8,Small century amount fine.
135,94,H1-2023,5,4.6,Phone offer manage various.
136,95,H2-2022,4,2.7,White about compare themselves son long here.
137,95,H1-2022,3,5,Authority everything evidence power hot.
138,96,H2-2024,3,2.8,Reality visit of eye when task garden.
139,96,H1-2023,3,3.4,Picture special practice case answer.
140,97,H1-2022,4,5,Administration nature own fund wonder yet art make.
141,97,H2-2022,5,3.7,Challenge teach month deal former pattern.
142,98,H1-2024,3,3.2,House according event improve.
143,98,H2-2022,5,5,Reflect month join.
144,99,H1-2022,4,4.3,College nation especially relationship treat.
145,99,H2-2024,3,3.7,Choose Mr war fire.
146,100,H2-2023,5,4.3,Reflect American know.
147,100,H1-2022,3,4,This economy best establish.
148,101,H1-2023,3,2.7,Game fine movie my person cultural center land.
149,102,H2-2024,3,4.8,Well reason here.
150,102,H1-2024,4,3.1,Notice white feel body.
151,103,H2-2022,6,4.7,Begin against no challenge.
152,103,H2-2024,3,2.6,Consider open expert page.
153,104,H1-2024,4,4.2,Significant year finally family write.
154,104,H1-2023,3,2.2,Push unit happen rock industry take adult.
155,105,H1-2024,6,4.5,Address century offer enough.
156,106,H2-2023,3,4.3,Democratic action feeling challenge at.
157,106,H1-2024,4,4,Concern Republican some huge off win.
158,107,H1-2024,3,4.5,Tough less need adult guy people program.
159,108,H1-2022,4,3.5,Song production war best suddenly Mr she.
160,109,H2-2024,4,3.1,Write pretty sea eye task national situation.
161,110,H1-2023,3,4.5,Job two let material school require.
162,111,H1-2022,3,4.9,At left seven group ten recently.
163,111,H1-2023,5,2.8,Including language agency matter unit need however.
164,112,H2-2022,4,2.5,While for fast sister into.
165,112,H2-2024,4,5,Likely student again rock open send half.
166,113,H2-2024,5,2.4,Cultural measure tree create message possible.
167,114,H1-2023,4,4.1,Eat board weight two across nearly.
168,114,H2-2022,5,4.9,Course pass later tonight star ten.
169,115,H2-2023,4,2.6,Focus which decade catch nature again.
170,116,H2-2023,3,3.2,Win heavy child might by cell.
171,117,H2-2022,5,3.8,You use sense simple whole.
172,118,H1-2023,3,2.6,Other body create gun war actually which yard.
173,119,H2-2022,5,5,Either eight main turn enjoy.
174,120,H2-2023,4,2.4,Bill card along her behind wind system.
175,120,H1-2023,4,2.8,Parent along beyond blood record network office.
176,121,H1-2024,3,4,At carry trade though get suddenly despite.
177,122,H2-2022,4,2.2,Cover heart instead feel though sit space should.
178,122,H1-2022,5,5,Family on remember step home upon open employee.
179,123,H2-2024,4,3.9,Natural huge peace class father including thank.
180,124,H1-2022,5,4.7,People Mr body ok friend billion always.
181,124,H2-2023,3,3.5,Always after small woman.
182,125,H1-2023,4,2.7,Onto new side company economic low.
183,126,H1-2022,3,3.6,Result seven address bank high certain contain.
184,127,H2-2023,5,3.4,Detail body parent evening.
185,128,H2-2024,3,3.6,Organization environmental million he.
186,129,H1-2022,5,2.2,Since part wear success whose.
187,129,H1-2023,4,2,Agency computer I same.
188,130,H2-2023,4,4.6,Talk recent card meet citizen real station serious.
189,130,H1-2022,3,4.1,Us north unit TV scientist since.
190,131,H2-2023,5,4.5,So need second agent pull wife girl process.
191,132,H2-2024,3,2.7,Fire thought available attorney set hundred remember.
192,133,H1-2022,4,2.3,International wind pattern line person religious enjoy.
193,133,H2-2023,5,4.8,Institution how each chance beautiful determine trial probably.
194,134,H2-2023,5,2.3,Someone southern significant item.
195,134,H2-2024,3,3.4,Capital fight seem group.
196,135,H2-2022,3,4.7,Cost hear face wind.
197,135,H1-2022,5,4.9,Town role right think training total card.
198,136,H2-2024,4,2.9,Edge real herself hand dark not.
199,136,H1-2023,5,3.3,Read lawyer act form will.
200,137,H2-2024,3,3.6,Life management themselves over.
201,138,H1-2024,5,4.6,Return agree option attorney bed husband.
202,138,H1-2023,3,3.6,Recent anything source hand dog own.
203,139,H1-2024,5,3.8,Those more look owner understand against toward small.
204,139,H2-2024,5,2.2,Mention instead able head.
205,140,H2-2024,4,4.6,Report successful line top tend.
206,141,H2-2022,5,3.4,Safe reason theory Mrs red read road.
207,141,H1-2024,4,4.9,Order and fact above.
208,142,H2-2023,4,2.5,Vote view response also yet.
209,142,H1-2024,5,3.2,Education wall candidate different they season sport.
210,143,H2-2024,3,2.8,Well two floor behind anyone body activity.
211,144,H2-2024,3,3.4,Against as million drop talk else job.
212,145,H2-2022,5,3.3,Share morning send audience use.
213,146,H1-2022,4,2.9,Over party least better stock cup.
214,147,H2-2022,5,4.5,Hold throughout democratic almost final respond.
215,148,H1-2022,4,3.6,Nothing itself science policy.
216,148,H2-2023,5,4.2,Sea story without serious.
217,149,H1-2022,3,2.9,Beautiful high look for.
218,149,H2-2023,3,3.6,Light plant look knowledge up show start.
219,150,H1-2022,3,4.9,Successful agree chair green identify table.
220,151,H1-2023,3,4.8,Social those analysis claim force today run.
221,151,H2-2023,4,4.4,Within need nature while ahead mission official half.
222,152,H2-2023,4,4.4,Community media field accept week.
223,153,H1-2023,4,3,Family significant power.
224,154,H2-2023,3,2.1,Style century on light.
225,155,H1-2023,3,2.7,Government morning him article begin possible Mr.
226,156,H2-2022,4,3.3,Stage traditional along on.
227,157,H1-2022,4,4.7,Old enough despite late.
228,157,H2-2024,4,2.9,Number down democratic.
229,158,H2-2023,5,3.9,Just nice despite strong why knowledge able another.
230,158,H1-2022,5,4,Here large yourself enter reason make.
231,159,H1-2022,6,2.7,Grow early task development.
232,160,H1-2022,5,4.4,Religious everybody difficult more.
233,160,H1-2023,3,3.8,Catch main daughter wonder method water.
234,161,H1-2024,3,2.3,Floor high director democratic allow.
235,162,H1-2023,4,4.2,Prepare accept report war participant view.
236,163,H2-2023,5,2.9,Give ball stock drop true three woman class.
237,163,H2-2024,4,2.2,Real movement military structure.
238,164,H1-2023,3,2.3,Trade scientist customer arm day day though.
239,165,H2-2024,5,2,Its real participant simply.
240,165,H1-2024,3,3.8,Language necessary mind agent.
241,166,H1-2024,3,4.2,Police so too.
242,166,H1-2022,3,4.8,War amount staff visit bank top.
243,167,H1-2024,3,3.2,Radio interest cultural any thank.
244,167,H1-2023,3,2.1,Herself yard officer picture building.
245,168,H1-2022,4,4.8,Note decide according section concern nature.
246,168,H2-2023,4,3.2,Risk perform campaign understand American probably.
247,169,H1-2022,5,2.9,Determine drug specific hand available billion.
248,170,H1-2022,3,4.3,Conference west gas former discover.
249,170,H1-2024,3,3.4,Physical out remember woman necessary price.
250,171,H1-2023,4,4.1,Accept sort collection pick.
251,171,H2-2023,5,3.9,Mr create president computer television medical eat.
252,172,H1-2022,5,4.3,Evidence house little every yeah no throw.
253,172,H1-2023,5,4.5,Dog boy business majority.
254,173,H1-2024,5,2.5,Wind example question much.
255,173,H2-2024,5,4.2,Perhaps fall unit others seat simply campaign.
256,174,H2-2023,5,2.4,See what suggest pressure child pass until.
257,174,H2-2024,4,5,Cultural bag enjoy level take marriage effort.
258,175,H1-2024,4,3.8,Position author which they will.
259,175,H2-2023,4,3.5,Family carry meet decision name ahead.
260,176,H2-2023,4,4.5,Window support group audience.
261,177,H2-2024,3,4.5,Their some think office.
262,177,H1-2024,3,2.8,Blood arm suggest wait.
263,178,H2-2024,4,3,Necessary us happen large these.
264,179,H1-2024,4,4.5,Exactly usually commercial resource above stuff rule.
265,179,H1-2022,5,4.9,Set factor down church.
266,180,H1-2023,5,3.9,Far again firm computer hair anyone top.
267,180,H1-2022,3,4.5,Life school else add no treatment.
268,181,H1-2024,5,2,Although manage product street year wrong be despite.
269,182,H2-2023,4,4.9,Wide almost cold style scientist.
270,183,H1-2022,4,4.9,Hope catch teacher such development foreign tough factor.
271,184,H2-2022,4,3.6,Reflect voice where big.
272,184,H1-2024,6,2.7,Position sing national how well result hotel team.
273,185,H2-2023,4,2.5,Your receive go what continue.
274,186,H1-2023,4,2.4,Any increase staff three.
275,187,H1-2024,5,2.6,Meet short see one war along yet.
276,187,H2-2022,3,3.9,Throughout rock two ok physical involve bank job.
277,188,H2-2024,4,4.4,Deal industry sort history.
278,189,H2-2024,5,2.9,Idea almost turn.
279,189,H1-2024,4,4.6,Under use major suddenly.
280,190,H1-2023,4,2.3,Special its white science school.
281,191,H1-2022,4,4,Democrat lose interest family although left show.
282,191,H1-2023,4,3.3,View hard since air goal seek push.
283,192,H2-2023,4,4.3,Political military magazine art want.
284,193,H2-2022,4,3.5,Left standard economic agree medical consumer.
285,193,H1-2023,4,2.5,Radio next something as.
286,194,H1-2024,4,4,Whose material hospital leader fill necessary director.
287,195,H1-2023,3,3.8,Sea bag measure media.
288,195,H2-2023,5,2.7,Term ten weight card down financial word.
289,196,H2-2023,5,2.8,When spend wish American.
290,196,H2-2022,3,2.2,Heavy performance news choice newspaper positive bill.
291,197,H2-2023,6,3.4,Myself game stand rich travel.
292,197,H2-2024,4,4.6,Him others lot another.
293,198,H1-2023,4,2,Behavior concern teach.
294,198,H1-2022,3,3.3,Suddenly less suggest democratic no hotel blood others.
295,199,H2-2022,3,3.1,Would relate defense certainly.
296,200,H1-2022,5,2.3,By officer including our media it.
297,201,H2-2024,5,3.9,Summer high strategy attention economic.
298,201,H2-2023,4,3.5,Executive often than modern finish style.
299,202,H1-2023,4,3.1,Picture language do why.
300,203,H1-2024,4,2.6,Suffer throw building campaign watch morning wait seek.
301,203,H2-2022,3,3.1,Either image order case represent collection wish.
302,204,H2-2024,5,3,Both store admit charge maintain but.
303,204,H2-2022,4,3.2,No above TV significant.
304,205,H1-2022,4,3.3,There commercial simple.
305,206,H1-2022,4,2.4,Film less indicate affect then benefit real.
306,207,H2-2022,5,3,Different nothing character value treatment according election.
307,207,H1-2024,5,4.1,Another how consumer respond rate government less.
308,208,H1-2024,3,2.1,Fund hand than movie cold change.
309,209,H2-2024,4,4.4,Dark popular prove wind clearly start.
310,209,H1-2022,3,4.3,Though toward they response them those send standard.
311,210,H2-2023,5,4.1,Without oil happy generation follow piece.
312,210,H1-2023,3,2.9,Exist respond true get them.
313,211,H1-2024,5,4.7,Expert medical several relationship.
314,212,H1-2022,4,3.1,Western box note work one conference newspaper.
315,212,H2-2024,4,3.1,Case six word explain.
316,213,H1-2023,3,3.6,Present direction movie make majority kitchen.
317,213,H2-2022,3,3.8,Appear this drive avoid.
318,214,H1-2023,5,4.6,Produce quality interview clearly affect practice history.
319,214,H2-2023,5,2.8,Other notice once myself five appear.
320,215,H2-2024,5,2.4,Enjoy use together quickly.
321,215,H2-2022,4,3.6,Surface town home laugh.
322,216,H1-2023,5,2.2,Five about rise best describe administration wonder.
323,216,H2-2022,5,3.1,Down husband door left.
324,217,H1-2022,3,3.1,Feel nice animal edge.
325,217,H1-2024,3,3.6,Approach cultural million visit rich control.
326,218,H2-2022,5,3.2,South memory behind right.
327,218,H1-2023,4,2.2,Debate early natural concern.
328,219,H2-2024,3,2.5,Child between fast law herself beautiful.
329,219,H1-2023,3,3.1,Religious hotel hear test mind week cold.
330,220,H2-2024,3,3.1,Animal chance economy number.
331,220,H1-2023,4,3.3,Make financial born free open level.
332,221,H2-2023,4,3.6,Hope require amount way personal prevent maintain.
333,221,H2-2022,3,3.7,Into green just fall industry enjoy.
334,222,H2-2023,5,3.1,Public return vote phone deal political.
335,222,H1-2022,3,2.5,Get learn most my.
336,223,H1-2022,3,2.9,Want walk little sure whether remain laugh.
337,224,H1-2024,4,2.3,Federal board happy hospital.
338,224,H1-2022,5,2.3,Task cut cost produce spend factor.
339,225,H2-2023,3,2.1,Mention all rich central respond method.
340,226,H1-2023,5,2.8,Hot ever threat shake although.
341,226,H2-2023,3,2.6,Necessary own section west.
342,227,H2-2022,5,3.7,Skill behavior trip stay.
343,227,H1-2022,3,2.1,Little few camera past while part size.
344,228,H1-2024,4,3.7,Industry than environmental often beautiful step practice.
345,229,H1-2022,4,2.8,Station professor challenge outside last about.
346,230,H2-2023,4,2.4,Avoid dark loss.
347,230,H1-2023,3,3.6,Top far TV student determine.
348,231,H1-2024,3,3.5,Each say every everything health top behind.
349,232,H1-2022,5,3.2,Official cell key particular chair.
350,233,H1-2024,3,2.2,Notice season ask style whether stock expect dark.
351,233,H1-2022,4,4,Each fly buy figure.
352,234,H1-2024,4,3.7,No give agent start certain society.
353,234,H1-2022,3,4,If teach fly morning only.
354,235,H1-2022,3,3.8,Can born sign relate scientist we.
355,236,H1-2024,5,2.1,But under the which some our increase.
356,236,H1-2023,5,2.8,Through claim understand without quality whatever spring second.
357,237,H1-2024,3,4.4,Either growth admit entire heavy whose many truth.
358,238,H1-2023,3,3.5,Church conference personal consider under require.
359,239,H2-2023,3,2.3,Must it crime particularly.
360,240,H1-2023,4,4.7,Enjoy respond he term argue recognize choice.
361,241,H2-2023,4,3.1,Human especially successful customer not accept whole peace.
362,241,H1-2023,5,4.8,Song anything side my.
363,242,H2-2024,3,4,What manager summer hold get play not.
364,243,H2-2024,3,4,Interesting player everything business minute.
365,243,H1-2024,5,3.5,Teach role Mr three front like research matter.
366,244,H1-2022,3,2.4,Bar message anyone kind bad sometimes create.
367,244,H2-2023,3,2.2,Out go board offer gun.
368,245,H1-2023,5,4.1,War ever skill red.
369,245,H2-2022,3,4.4,Foreign art leg second.
370,246,H2-2022,4,2.3,Six cause light responsibility company money fund.
371,247,H2-2023,3,3.4,Certainly everybody staff.
372,247,H1-2024,5,2.4,Business civil win difference subject.
373,248,H1-2023,5,4.5,Lot bar determine rule industry hour very.
374,248,H1-2022,4,2.4,Figure reason which instead.
375,249,H2-2024,3,3.6,Spring range join word.
376,250,H1-2024,3,2.3,Laugh everything debate yeah forward improve event.
377,251,H1-2022,5,5,Participant war eight avoid.
378,252,H1-2024,4,3.6,Sea go financial enter.
379,253,H1-2022,4,4.9,Operation final ten few answer fish.
380,253,H1-2024,3,2.8,Property experience card church consider operation TV tough.
381,254,H1-2022,5,4.4,Senior reveal right can.
382,255,H2-2023,5,3.8,Off price second hand bad left alone.
383,256,H2-2022,3,4.2,Hundred report field election opportunity.
384,257,H2-2022,5,2.4,Professor relationship financial month cause environment.
385,257,H1-2024,5,5,Plan yet market pattern do six example.
386,258,H2-2022,3,2.2,Including trip challenge.
387,258,H1-2022,4,3.2,Name may line second.
388,259,H2-2023,3,3.3,Early action speech ask various friend.
389,259,H2-2024,4,3.7,Career dinner finally.
390,260,H2-2022,3,4.7,List author myself rise various herself today.
391,261,H2-2022,3,4.8,Size early support majority.
392,261,H1-2022,3,2.8,School bit professional ok hour herself.
393,262,H1-2024,4,3.2,According fund hundred political none professional particularly.
394,262,H2-2022,4,2.5,Cut leader surface agreement.
395,263,H2-2024,5,2.6,Marriage sign your model sport her.
396,263,H2-2022,5,2.3,Economic describe food win never rate.
397,264,H1-2024,3,4.2,Growth team over almost try lay.
398,265,H2-2024,3,3.3,Bar pick myself.
399,265,H1-2024,3,2.3,Most political surface six manager heavy place.
400,266,H1-2024,3,2.8,Wall should receive let.
401,267,H1-2023,5,4.1,Stuff feeling over hold.
402,267,H2-2023,4,2.9,Trial scene chair.
403,268,H1-2024,5,3.2,Let face perhaps task size couple gas.
404,269,H2-2023,5,4.1,View across garden.
405,270,H2-2022,3,3,Need fact rich hear girl school.
406,271,H2-2023,4,4.8,Bit agreement leg guess.
407,271,H2-2022,4,3,Drop me dog parent idea network.
408,272,H1-2022,4,3,Food hospital answer one.
409,272,H1-2023,3,3.1,Last full both specific wind within apply.
410,273,H2-2024,3,3.4,Institution doctor first onto near visit.
411,273,H1-2023,3,3.3,Role candidate only man rate.
412,274,H1-2024,3,4.1,Try same check pattern more away scientist.
413,274,H2-2023,3,2.7,Piece through the police.
414,275,H1-2023,4,4.6,Any design wonder although.
415,276,H1-2022,5,4,If budget attorney Mrs provide our television.
416,277,H2-2022,5,4.6,Line total wall generation bring about ball.
417,278,H1-2022,3,4.4,Likely too name room reflect stay.
418,279,H2-2024,3,4.7,Speech college thought rise degree.
419,280,H1-2024,3,4.8,Including morning investment expect eight.
420,281,H1-2024,3,2.6,Painting life woman leg radio where.
421,281,H1-2023,3,4.4,Final live suddenly government throughout hour.
422,282,H2-2023,5,2.9,Financial white customer they lawyer rest of.
423,283,H2-2023,4,4,Table color represent entire any surface debate.
424,284,H2-2022,5,3.1,Size reveal those.
425,285,H2-2023,3,4.7,Court alone chair the rate painting tree.
426,286,H1-2022,4,3,Let make Democrat consumer.
427,286,H1-2024,3,3.8,Condition morning like at out mention.
428,287,H1-2022,4,2.2,Part development same speech eye.
429,287,H1-2024,3,2.8,Also carry minute piece.
430,288,H2-2022,3,4,Fine wind health trial within out town.
431,289,H2-2022,4,3.6,Dream structure blue why add which pass specific.
432,289,H1-2022,3,4.8,Reflect white enter imagine ball begin summer.
433,290,H2-2024,3,4.6,Wife candidate Republican today cup gas.
434,290,H2-2023,4,2.1,Almost run send hit including trial government glass.
435,291,H2-2022,3,4.5,Themselves treat door sense pressure young reason.
436,291,H2-2023,3,4.2,Other animal treat on.
437,292,H1-2024,3,3,Wide personal once see.
438,292,H2-2024,3,3.3,Husband natural them nor ok various myself feeling.
439,293,H1-2024,3,3.1,Type political return mention.
440,293,H2-2022,3,4,Stop really standard.
441,294,H1-2023,5,2.8,Scene enter present experience life.
442,294,H1-2022,4,4.2,Over modern yourself may.
443,295,H2-2024,4,4.5,Class truth nothing performance view site.
444,296,H2-2024,4,3.6,Century particularly executive.
445,297,H1-2022,3,3.2,Decide certain score half sell.
446,297,H2-2024,4,2,Produce we window interview almost.
447,298,H1-2022,4,2.4,Business my red certainly ok.
448,298,H2-2024,4,4.1,From source get late a give spring.
449,299,H2-2022,3,3,Then talk whether reach their decade pressure follow.
450,299,H1-2022,4,3.9,Stand management ground.
451,300,H2-2024,3,4.2,Ground culture continue school.
452,301,H1-2024,5,4.2,Thought player however type relate whose employee.
453,301,H1-2022,4,2.5,Raise owner respond experience affect break a fear.
454,302,H1-2022,4,4,Gas huge where system try four space.
455,303,H1-2024,4,3.5,Story population idea civil none range camera seat.
456,303,H2-2022,3,2.3,Traditional moment billion Congress explain scene.
457,304,H1-2022,5,2.3,Public although certainly cause.
458,304,H2-2022,4,2.5,Of travel a color time.
459,305,H2-2022,5,3.9,Consumer always law beat cup.
460,306,H1-2024,3,3.7,White left game entire assume either section.
461,307,H1-2024,4,4.8,Cup speak move town spring poor something.
462,307,H1-2022,5,3.6,None draw citizen still attorney administration.
463,308,H1-2023,3,3.1,Career all create human.
464,309,H2-2024,5,5,Ability high hear success media allow why.
465,310,H2-2022,5,4.1,Result social power modern soldier.
466,311,H1-2023,4,4,Hot worry city ok pretty prevent measure.
467,311,H2-2024,4,4.9,Suddenly shake continue.
468,312,H1-2024,3,4.7,Leader we cost must kind who consumer.
469,313,H1-2023,4,3,Push down six idea prepare.
470,314,H1-2023,3,4.6,Physical successful entire of level better share according.
471,315,H2-2023,5,2.2,Score together grow begin hard during third.
472,315,H1-2024,4,2.3,Unit social well above general catch popular.
473,316,H1-2024,5,3.3,Environment lot true.
474,317,H1-2022,3,4.4,Recognize moment still oil.
475,318,H2-2024,5,4.9,Director raise knowledge seek although also plan.
476,319,H1-2023,3,2.2,Floor surface forget recognize.
477,320,H1-2023,3,2.2,Create end without success affect which.
478,320,H1-2022,3,3.9,Structure ahead why environmental fly.
479,321,H1-2023,5,2.1,Career around will beat throughout it form son.
480,322,H2-2024,6,2.1,Already cultural current soon forget blood.
481,323,H2-2022,5,3.9,Explain event like expect.
482,324,H2-2024,6,4.9,Benefit learn build I scientist piece.
483,325,H2-2024,4,4.5,Bad trip money culture.
484,326,H2-2023,4,2.8,Bit food including born budget there account.
485,326,H2-2024,5,3.2,Scene doctor investment ball human blue everything economic.
486,327,H2-2023,5,4.3,Day various case technology.
487,328,H1-2022,4,2.4,Mother various system job day least energy Republican.
488,329,H1-2022,5,4.6,Every happy recognize position individual major show.
489,329,H1-2024,5,3.2,Strategy ago from.
490,330,H1-2022,5,2.6,Environmental leader land radio.
491,330,H2-2023,3,2.4,Financial place paper forward service.
492,331,H2-2022,3,4,Door professional growth military even eye value.
493,332,H2-2024,5,4.9,Create different indeed final write when.
494,332,H1-2023,4,3.8,Garden that lose even.
495,333,H1-2024,4,3.3,Page ready box which peace until class score.
496,333,H2-2024,4,2.2,Hope degree leave book behind record week.
497,334,H2-2022,3,2.7,Institution door return even ten ready.
498,335,H1-2022,5,3.7,Defense stand fine listen history usually laugh last.
499,335,H2-2023,4,4.8,Quite decision close scene.
500,336,H2-2022,4,4.2,Would miss term beyond power computer century.
501,336,H1-2023,5,4.1,Evening name sell boy.
502,337,H2-2022,5,2.1,Charge hard hope.
503,337,H1-2023,4,3.2,Yes although activity produce in city blue.
504,338,H1-2024,5,2.4,Foot common only paper tell.
505,339,H1-2022,3,3.4,Region crime training sense consumer dinner site.
506,340,H2-2023,3,2.5,Off set threat still star court yes.
507,341,H1-2023,4,2.6,Response should real main write.
508,341,H1-2022,5,2.9,Because discussion debate.
509,342,H2-2023,3,2.4,Thing campaign spring industry hand president explain.
510,343,H1-2023,4,2.5,What try see possible.
511,343,H2-2022,3,2,Color put we school personal.
512,344,H1-2022,5,2.2,One statement event dark employee many.
513,345,H1-2022,4,2.6,Person chair hair wide.
514,345,H2-2022,5,2.6,Clear perhaps coach Mr.
515,346,H2-2024,3,4.8,Investment control shoulder reduce trip.
516,346,H1-2022,3,3.3,Total large indicate why.
517,347,H2-2023,4,4.1,Similar available sea perhaps key situation section but.
518,348,H2-2022,3,4.3,Catch subject forward because more.
519,348,H1-2022,5,3.2,Against poor Democrat.
520,349,H1-2023,3,3,Until summer stock.
521,350,H1-2023,3,4.7,Democratic system model since suffer.
522,350,H2-2024,4,3.4,Management year tonight cell tree course.
523,351,H2-2023,4,2,Agent risk lead.
524,352,H1-2024,5,2.1,Range now positive from concern.
525,353,H2-2023,6,4,Edge firm have fill good.
526,354,H1-2023,4,3.4,Herself second must account.
527,355,H2-2023,4,4.3,No research care professional work if something decision.
528,355,H2-2024,5,4.4,Consider later bank by week college let.
529,356,H2-2022,4,3.5,Discussion bag treatment prevent.
530,357,H1-2023,3,2.1,Evening Democrat hold former election side.
531,357,H2-2024,4,2.6,Race carry control machine anyone style.
532,358,H2-2022,5,2.6,Hit account car.
533,359,H2-2024,5,4.6,Short walk skin city.
534,360,H1-2022,4,3.8,Blood rather learn network on.
535,360,H2-2024,4,3.9,Hand economic usually person assume college concern black.
536,361,H2-2024,6,2.6,Artist his throw Democrat teach from cold eat.
537,362,H1-2024,3,2.6,Man tough everybody.
538,363,H1-2023,4,2.7,Very involve near.
539,363,H2-2022,5,5,You message any strategy huge test.
540,364,H2-2022,5,4.2,Kitchen student lawyer continue.
541,364,H2-2023,4,2.8,White apply certain number scientist run laugh.
542,365,H2-2024,4,4.9,Way head page somebody manager myself.
543,366,H2-2024,4,2.4,Nothing big choice design that bank sister.
544,367,H2-2024,5,2.2,Old one affect team.
545,368,H2-2023,3,2.7,Wrong minute animal west reduce level.
546,369,H2-2023,4,3.7,Option natural finally lay mention.
547,370,H1-2024,5,4.7,Agency student final hear.
548,371,H2-2024,4,2.1,Reality true trouble yet.
549,372,H1-2022,4,4.7,Head hold before certain her.
550,372,H2-2023,3,3,Population involve agent soldier.
551,373,H1-2023,3,3.7,Reflect have democratic.
552,373,H2-2023,5,3.6,Concern expert business friend carry bed.
553,374,H1-2022,4,3.4,Stuff population goal.
554,375,H1-2024,5,4.1,Not many bad true yourself baby field.
555,376,H2-2024,3,2.3,Capital series discussion their evidence.
556,376,H2-2023,4,4.6,Recognize ahead level stop six agency action human.
557,377,H1-2024,4,2.2,Official power former would.
558,378,H1-2024,3,2.7,Support artist probably role attorney.
559,378,H1-2023,5,3.3,They once politics reflect.
560,379,H2-2024,3,2.8,Mr friend become who degree her suggest.
561,380,H1-2023,5,4.9,She shoulder toward form.
562,381,H1-2023,4,3.5,Indeed building involve return product thing star dinner.
563,381,H2-2024,5,3.7,See probably exist hit price idea include.
564,382,H2-2024,5,4.5,Forward significant some fund me while.
565,383,H2-2022,3,3.6,Current hot religious method thousand about.
566,384,H2-2024,3,2.5,Force stock believe table history.
567,385,H1-2023,5,3.8,Still best control measure.
568,386,H1-2023,5,2.6,Receive because manager home check try.
569,386,H1-2024,3,4.5,Event maintain rest recently walk still imagine.
570,387,H1-2024,4,2.7,Few half actually.
571,387,H2-2022,3,2.3,Reach star hope sea production.
572,388,H2-2023,5,4,Produce then economy start strategy brother.
573,389,H1-2024,4,4.9,Culture positive sometimes despite.
574,390,H1-2022,5,3.5,Major meet yet long before magazine.
575,391,H2-2024,4,2.3,Star health remember think instead involve.
576,392,H1-2024,4,4,Feeling glass radio stop.
577,393,H2-2024,4,4.3,Responsibility around will they.
578,393,H2-2022,5,4.8,Type purpose know free check difference.
579,394,H2-2023,3,3.8,Write point air turn evening exist performance.
580,395,H2-2022,4,3.2,Identify discover little yard whom class right.
581,396,H2-2022,5,3,Image grow position popular word finish owner stand.
582,396,H1-2023,5,4.1,Man cultural wonder wait.
583,397,H1-2023,5,3.7,Public unit case turn material.
584,397,H1-2024,3,3.6,Modern main nearly set.
585,398,H1-2024,5,4.8,Size moment hotel truth finally policy condition.
586,398,H1-2023,5,3.9,Market employee list who group television.
587,399,H2-2022,3,3.7,Or right ground pressure loss.
588,400,H2-2024,5,3.4,At young throw down minute.
589,401,H1-2022,5,3,Hear now ball own.
590,402,H1-2022,5,4.5,Create themselves lawyer catch.
591,403,H2-2024,3,4.6,Out sure member bad throughout.
592,403,H2-2022,5,4.3,Generation my certainly operation college type however.
593,404,H1-2024,3,4.8,Fine contain challenge site.
594,405,H2-2024,4,3.3,Race moment agent from region commercial continue.
595,405,H2-2022,3,3.9,Their yes seat effort already.
596,406,H1-2024,4,3.6,Book must able happen.
597,407,H2-2023,6,3.6,That write national bed program sense.
598,408,H2-2024,3,3.1,Million meeting east theory every human.
599,408,H1-2022,3,3.6,Woman successful bill upon figure leg.
600,409,H2-2022,4,3.9,Born again just measure radio.
601,409,H1-2023,3,2.2,Upon have cause.
602,410,H2-2024,5,3.8,Economic Mr without first particular cell.
603,410,H1-2022,3,4.7,Artist example write heavy enough radio example.
604,411,H1-2022,4,4.3,Way according Republican sport represent.
605,411,H2-2024,3,3.2,Wonder clearly I look bill order anyone.
606,412,H2-2022,4,4.3,Able more law soldier turn foot more.
607,412,H1-2023,5,2.8,Look seem white available series hear.
608,413,H1-2022,5,2,Or hope debate plan choice.
609,413,H2-2023,4,4.7,Movement fish control quickly cut kitchen usually.
610,414,H1-2024,5,4.4,Garden similar thus board article ask main director.
611,415,H1-2022,3,2.6,Present very major new position.
612,416,H1-2024,5,3.3,Each mention war compare reality.
613,416,H1-2022,4,4.1,Reveal reach big military animal reduce.
614,417,H2-2023,3,4.7,Keep heart reach its fill important.
615,417,H1-2022,3,3.6,Painting nothing great least.
616,418,H1-2022,3,2.6,Rather successful avoid.
617,419,H1-2024,5,3.9,Article major letter.
618,419,H1-2023,3,4,Fine marriage spend bad amount responsibility.
619,420,H1-2022,5,3.4,Nearly call fact shoulder.
620,420,H1-2023,5,2.1,Through old though reflect.
621,421,H1-2023,5,4.3,Yet heavy campaign fill protect continue middle.
622,422,H1-2022,5,4.7,Shoulder stand ability decision later.
623,423,H1-2024,5,2.1,Key seven president hit leave professor capital firm.
624,424,H2-2022,4,2.9,Beautiful TV read.
625,425,H1-2023,5,2.3,Under rich town feel.
626,425,H2-2022,5,3.4,General yet man realize discussion reality he.
627,426,H2-2022,4,4.8,Newspaper fight onto two nature.
628,427,H1-2022,3,2.5,Picture sometimes into nothing within attorney.
629,427,H2-2022,4,4.4,Save if station machine doctor.
630,428,H2-2022,4,3.6,Forward young rate establish father no me station.
631,428,H1-2024,5,2.2,Throw word bed family.
632,429,H2-2023,5,4.5,Tv write old base long hotel reality most.
633,429,H1-2022,3,5,Buy senior why experience spring.
634,430,H1-2023,5,4.4,Political thousand join share attorney paper.
635,430,H2-2023,3,2,Building evidence technology who one say season resource.
636,431,H1-2024,5,4,Game low guy field.
637,431,H2-2024,4,2.3,Cup woman give cover.
638,432,H2-2024,5,4.3,Worry husband real work avoid wide.
639,432,H1-2022,3,3.7,With third skin market light.
640,433,H2-2022,5,2.5,Often sister area soon total indicate produce.
641,434,H2-2023,3,4.5,Kind father mean response community commercial place news.
642,434,H2-2024,5,2,Free ago great drug thus too.
643,435,H1-2023,5,2.7,Service plant everyone task.
644,435,H2-2022,3,4.3,Decide list foreign economic different tree participant.
645,436,H2-2024,5,2.9,Hope we pattern leader decide history.
646,436,H2-2023,5,2.4,Specific apply role statement.
647,437,H1-2023,4,4.9,Wish close care road worker discover stay.
648,438,H1-2022,6,4.8,Even crime plan save.
649,439,H1-2022,4,4.2,Song arrive must number church realize past.
650,440,H1-2023,4,4.7,Station think mouth board say eight.
651,441,H2-2022,3,3.8,Just cold area.
652,442,H2-2022,4,3.9,Crime current meeting.
653,443,H2-2024,5,4.8,Southern leader power kid stand huge.
654,443,H1-2023,4,4.5,Meet customer turn want.
655,444,H2-2024,3,2.2,Accept choose enjoy decade on fact either.
656,445,H2-2023,3,3.9,Light movie contain dinner week person suggest.
657,446,H1-2024,3,3.3,Ten line our argue again second report.
658,447,H1-2022,5,2,Carry at unit pick challenge defense position.
659,447,H2-2022,3,3.5,Today include hair.
660,448,H1-2024,3,3.5,Everybody yes pull dream four eat.
661,448,H2-2024,5,3.6,Window across focus rest tend father.
662,449,H2-2024,3,4.9,Government professional blue feeling fact want.
663,450,H2-2022,4,4.2,Kind health available dinner different.
664,451,H2-2024,5,4.1,True during trial air provide.
665,452,H1-2024,3,3.4,Marriage huge stock order event.
666,452,H2-2022,4,3.8,Tonight nor but beyond prepare.
667,453,H2-2022,3,4.4,Director sing real policy despite.
668,453,H1-2022,3,3.3,Inside station take capital contain discussion clearly.
669,454,H2-2022,4,2.6,Order task wish order what act do.
670,455,H2-2022,3,4.8,Here always officer type include.
671,455,H1-2024,5,2.1,Reveal discussion cut him too fly.
672,456,H2-2024,3,4.5,Skin own particular response.
673,456,H1-2022,3,4.1,Drug ground economic town share laugh identify long.
674,457,H2-2024,4,4.8,Probably population stuff card.
675,457,H2-2022,4,3.8,Serve raise serve store.
676,458,H2-2024,4,3.8,Area those agency environment blood foreign.
677,459,H1-2022,4,4.6,Edge dark section camera writer language sort.
678,459,H2-2024,4,2,Floor on old official set sell.
679,460,H2-2022,6,4.4,One position yes their war adult.
680,460,H1-2022,5,4.8,Pick listen strong red compare apply.
681,461,H2-2023,4,3.3,Friend bad who power week share the.
682,461,H1-2022,4,3.8,Upon pay long against international gun so.
683,462,H1-2024,5,3.5,Set white force watch.
684,463,H1-2022,5,2.2,Century describe including space what increase stop.
685,463,H1-2024,4,4.4,Focus manager sing sing black evening you.
686,464,H2-2024,5,4.6,Hit author recent tax four.
687,464,H2-2023,5,3.6,Include pay my space marriage edge.
688,465,H2-2023,5,3,Son Democrat wear evening.
689,465,H1-2024,3,3.9,Responsibility year data dog item.
690,466,H2-2024,5,3.7,Have information item would shake as will financial.
691,467,H2-2022,3,3.4,Technology small any take.
692,468,H2-2022,4,2,Tree paper outside before in.
693,469,H2-2024,3,4.2,Late event land true.
694,470,H2-2022,5,3.4,Provide short key manager.
695,470,H1-2023,3,4.3,Behavior themselves without start nearly notice upon.
696,471,H2-2023,3,2.1,Drug physical top management management everybody.
697,471,H1-2024,4,4.6,Box college she dog bank.
698,472,H1-2023,5,3,Unit indicate camera religious seven.
699,473,H2-2023,5,5,Point travel short like current.
700,474,H2-2023,4,4.5,Sort third practice one role car.
701,474,H1-2023,4,2.3,Situation century available create issue ability.
702,475,H1-2024,4,2.5,Final defense fear concern approach pick worry.
703,476,H1-2022,5,4.4,Box score young.
704,476,H1-2024,4,2.3,Rest help bill laugh white produce understand.
705,477,H1-2022,3,2.2,You take right military.
706,477,H2-2022,5,2.1,You white hit serious western girl.
707,478,H1-2024,4,2.5,Morning inside meet hospital sound.
708,478,H1-2022,4,2,As if late institution personal style fear reach.
709,479,H2-2022,3,2.2,World town least television both.
710,480,H2-2023,5,4,Family tonight growth available above above.
711,481,H2-2024,5,2.9,Left community maintain bed where trade guess result.
712,482,H1-2023,4,2.1,Strong mention item morning quality pull near parent.
713,483,H1-2022,3,3,Training move child look century bag simply successful.
714,484,H2-2024,4,2.4,Book big hard go.
715,485,H2-2024,3,4.6,Back daughter also sister message play above.
716,485,H2-2022,5,2.8,Particularly image law every.
717,486,H1-2024,4,4.1,Everyone couple baby body fire occur guess.
718,487,H2-2022,4,4.8,Activity friend week foreign key.
719,488,H2-2022,5,2.9,Election accept thousand.
720,489,H2-2023,5,3.9,Their reality drop.
721,489,H2-2022,5,4.9,Can candidate two market generation relationship show.
722,490,H2-2023,3,2.3,Everything because if heavy evidence.
723,490,H1-2024,4,3.6,Today ten attention make store.
724,491,H1-2022,5,4.4,Throughout way today painting speech.
725,492,H1-2024,5,4.2,Medical know song stock.
726,492,H1-2023,4,4.3,Contain subject ten story blue degree.
727,493,H1-2023,4,2.3,Meet young show stay upon a pressure.
728,494,H2-2022,5,2.6,Main under beat onto on.
729,494,H1-2023,5,4.4,Fight cut foot figure list indeed since.
730,495,H1-2022,3,2.1,Over pull meeting star determine responsibility think.
731,495,H2-2024,4,3.7,These nearly before guess kitchen per.
732,496,H1-2024,5,3.1,While time challenge determine purpose turn worry hospital.
733,496,H2-2023,3,4.7,Mr herself prepare enough black at.
734,497,H1-2024,3,3.4,Debate parent position its message understand this unit.
735,498,H1-2023,4,2,Since fall relationship head available.
736,498,H2-2024,4,2.1,Remain country store cut these.
737,499,H2-2024,3,4.8,Certain stand little which including.
738,500,H2-2022,5,3.4,Compare address indeed return begin.
739,501,H2-2023,3,3,Conference red significant bed turn.
740,502,H2-2022,6,4.1,Reduce receive sometimes step maybe recent.
741,503,H2-2024,4,3.4,Analysis effect fill their she.
742,504,H2-2024,5,4.4,Treat visit drive specific.
743,505,H1-2024,4,2.4,Enter whole weight find only.
744,505,H2-2024,5,2.3,Life standard guess be manage unit.
745,506,H2-2023,3,4.1,Land show report.
746,507,H2-2022,3,2.4,Bill glass couple week physical even.
747,507,H2-2023,5,2.5,Move coach animal simply.
748,508,H1-2022,4,4.9,City health service from.
749,508,H1-2023,3,4.6,Position language deep answer energy ready raise.
750,509,H1-2023,4,3.7,Still law figure late participant through.
751,509,H1-2022,4,4.7,Hold eye cold instead.
752,510,H2-2024,5,3.7,My several station surface nor.
753,510,H2-2023,4,3.3,Daughter prevent article toward support provide piece deep.
754,511,H2-2022,3,4.9,Weight player agreement development fire.
755,512,H2-2024,5,2.6,Situation statement become yes present animal.
756,513,H1-2023,4,4,Energy name across near material ago may.
757,513,H2-2024,5,4.4,All something get race.
758,514,H1-2022,4,2.4,Quickly risk level unit.
759,514,H1-2023,4,3.8,Assume already actually quite.
760,515,H2-2023,5,2.7,Scientist need American there century need.
761,516,H1-2024,5,3.9,Imagine stage full true around nothing.
762,516,H1-2022,3,4.7,Present method travel lay.
763,517,H2-2024,3,2.6,Rest turn yourself establish teach health.
764,517,H1-2022,5,2.5,Sit church above husband a price.
765,518,H1-2023,4,4.1,Opportunity story student firm.
766,519,H2-2024,3,4.2,Service nice staff night describe billion federal.
767,520,H1-2022,5,4.7,May report strategy grow early.
768,521,H1-2024,3,3,Start owner tell nice.
769,521,H2-2024,3,3.8,Risk outside price economic pick.
770,522,H2-2022,4,2.7,Lose check very situation career.
771,522,H1-2023,4,2.8,Return involve six.
772,523,H2-2022,5,4.3,Site cover why enough development might traditional.
773,523,H1-2023,5,3.6,Clear citizen teacher.
774,524,H2-2023,3,4.7,Professor himself property media different.
775,525,H2-2022,3,4.4,Range never view Congress.
776,525,H1-2023,3,3.6,Only into including use another pay training.
777,526,H1-2023,4,4.9,Career fear analysis between all black part.
778,527,H2-2024,4,3.3,Practice example sign individual very important.
779,528,H2-2024,3,3.6,Card add recognize physical chance.
780,528,H2-2023,4,4.6,Nation benefit whom.
781,529,H1-2024,4,3.2,Because less magazine.
782,529,H2-2024,3,4.9,Body gun candidate lose.
783,530,H2-2022,5,4.3,Participant couple consumer political.
784,530,H2-2024,5,2.6,Break per quickly player.
785,531,H2-2023,5,4.3,Floor ability huge be.
786,531,H1-2024,5,2.5,Plant clearly main hear able apply.
787,532,H1-2023,5,2.6,Somebody foot hotel have begin top sure.
788,532,H2-2023,4,2.9,Music she social too campaign maybe tend big.
789,533,H1-2023,3,3.2,Meet white choose forget avoid.
790,533,H1-2024,4,2.3,Notice sea three.
791,534,H1-2024,3,4.3,Whole institution performance candidate as administration usually.
792,534,H2-2022,5,2.1,Since national forward down girl.
793,535,H1-2023,5,3.8,Car movement account successful right ball admit.
794,535,H2-2023,5,3.5,Practice attorney school win city bill world.
795,536,H1-2024,4,3.8,Resource address yet not itself price seek.
796,537,H2-2022,5,4.1,Firm can former could.
797,537,H1-2022,4,4.1,Thing catch some play.
798,538,H2-2023,4,4.6,Amount relationship development off play degree any.
799,538,H2-2024,4,4.6,Heavy final physical level section.
800,539,H2-2022,5,4.4,Else child political at.
801,539,H1-2024,4,2.4,Field game day condition important law for.
802,540,H1-2024,5,2.1,Major budget power decade accept mean southern.
803,541,H1-2024,4,4.5,Live fight year boy book crime weight travel.
804,541,H1-2023,4,4.7,Explain senior beat need sport media stay.
805,542,H1-2022,4,2.9,Official social station somebody model including north.
806,543,H2-2022,3,4.5,Agency close fall.
807,544,H2-2022,5,3,Treatment ten trouble expect west staff.
808,545,H2-2022,5,2.9,Detail how name that protect.
809,545,H1-2022,5,3,Station million throw some once.
810,546,H2-2023,5,4.1,Move listen teach human trip lay minute force.
811,547,H2-2022,3,4,Help woman including.
812,547,H2-2024,4,4.3,Sister how about body tonight any.
813,548,H1-2022,5,4.3,Exactly data anyone move.
814,548,H2-2022,5,3.8,Indeed act white become explain.
815,549,H2-2023,4,4.4,After medical material born recognize born back.
816,550,H2-2022,3,2.4,Soon yet financial significant tend.
817,550,H1-2022,4,5,Can add data large responsibility.
818,551,H1-2023,5,3.8,And thank involve radio teacher.
819,552,H2-2023,4,4.4,Score single down move seat.
820,552,H1-2024,5,4.2,At long president hard soon adult.
821,553,H1-2023,3,4.2,Discuss present well fire blood play attorney final.
822,554,H1-2023,3,4.5,Daughter charge story strategy.
823,554,H1-2022,4,2.1,Church someone away or together sort so around.
824,555,H2-2024,4,2.4,Between recently lay blood phone.
825,555,H1-2023,3,4.8,Develop then would less hit.
826,556,H2-2024,4,2.2,Site wrong air ok ability situation.
827,557,H2-2022,5,4.1,Measure might probably pass front.
828,557,H1-2024,3,2.1,Administration shake past along close house.
829,558,H2-2024,3,4.4,My particular field.
830,559,H2-2022,4,3.5,Memory measure himself mission they.
831,559,H1-2024,5,4.6,Every lot treat help half.
832,560,H2-2023,3,4.8,Top country part star before hit experience around.
833,560,H2-2024,3,3.9,Step send training population crime identify their.
834,561,H1-2024,4,3.3,Investment enjoy least read.
835,561,H2-2023,3,2.6,Instead whose town doctor any behavior machine.
836,562,H1-2023,5,3.5,Kind building wide paper act.
837,563,H2-2022,3,4.2,Though account professional similar.
838,563,H2-2023,5,3.8,Suggest those under time dream.
839,564,H1-2023,5,2.6,Expert among hotel sea bar.
840,564,H1-2022,4,2.6,Road finish season bed share base.
841,565,H1-2022,4,3.9,Response gun determine marriage.
842,566,H2-2023,4,4.6,Job get live do able look.
843,566,H2-2022,4,2.4,Change finally commercial voice class sort pattern.
844,567,H1-2024,3,2.7,Indeed have act prevent.
845,567,H2-2024,4,4.5,Car board sea ability church.
846,568,H2-2022,3,3.1,Add four present thus how.
847,568,H2-2024,4,4.6,Central allow voice difficult.
848,569,H2-2023,4,2.8,Rise study every that public information.
849,570,H2-2024,5,3.9,Yes mean live into moment score will wish.
850,571,H2-2024,4,3.2,List a billion time the.
851,572,H2-2024,4,4.5,Job despite behavior drop those.
852,573,H1-2024,5,4.9,Land key network close glass age Republican.
853,574,H1-2023,3,3.3,Along majority begin game toward interest industry police.
854,574,H2-2023,5,4.4,Force fight wall after forget save.
855,575,H1-2024,5,4.6,Increase half window rock use minute.
856,575,H1-2023,4,4.2,International prepare art result.
857,576,H2-2024,3,3.2,Partner ago thus team find enjoy security group.
858,577,H2-2022,3,4.7,Success fight same avoid.
859,578,H2-2022,3,4.6,Risk bill during continue.
860,579,H1-2024,4,4,Continue head rate do.
861,579,H2-2022,4,3.5,Office position medical phone different city.
862,580,H2-2022,5,2.5,Former point question.
863,581,H1-2023,5,3.2,Let land ahead answer.
864,581,H1-2024,5,2.1,President issue customer interesting piece brother human animal.
865,582,H2-2024,5,2.2,Act few team with.
866,582,H1-2022,3,4.2,Black truth trip forget.
867,583,H1-2023,4,4.7,Hold part put entire far position television.
868,583,H1-2024,3,2.4,Become right debate collection marriage.
869,584,H1-2022,5,4.4,Type democratic exist born soon care marriage.
870,585,H2-2022,4,2.9,However action campaign sure why church.
871,586,H2-2023,4,3.1,Company unit term rest court cover across.
872,586,H2-2022,3,2.9,Trial lawyer couple especially matter difference real.
873,587,H2-2022,3,2.8,Part drop candidate soon must big cost reality.
874,587,H2-2023,3,3.4,Model short short hot figure while.
875,588,H2-2022,4,2.7,Call event whether knowledge information time nature ok.
876,588,H1-2022,3,3.4,Machine if professional middle treat hope.
877,589,H2-2024,5,4.5,Growth international too in never friend night.
878,589,H2-2023,4,2.3,Food never guess against.
879,590,H2-2023,3,4.6,Rise share time book.
880,591,H1-2023,3,2.8,Heart free something camera nature drive.
881,592,H1-2023,5,2.5,Help vote natural market strategy seek.
882,593,H2-2023,3,4.3,Write team meeting process enjoy moment.
883,594,H1-2022,5,4.7,Yard more few you movie if.
884,595,H1-2022,4,3.1,Heavy win hospital find read look.
885,596,H2-2022,4,3.3,Treat message end visit order.
886,596,H1-2024,5,3.3,We that how adult stand world.
887,597,H2-2023,5,2.4,Head enter choice by left.
888,597,H2-2024,5,4.8,Next fight without box report cover.
889,598,H1-2023,5,4.6,System note free person however what.
890,599,H2-2023,3,2.2,Meet answer business ground nature.
891,600,H2-2024,3,4,Son move far put point view herself them.
892,600,H1-2024,4,3,Local bit as leave hear push management cost.
893,601,H1-2022,4,4.2,Energy best voice.
894,601,H1-2023,3,2.4,Late issue magazine issue.
895,602,H2-2024,5,4.8,Doctor street may.
896,603,H1-2023,5,3.6,Recently campaign shoulder occur student guess.
897,604,H2-2022,4,2.3,Born age theory.
898,605,H2-2024,4,2.1,Health bit step pull could move which result.
899,606,H2-2022,3,2,Congress support write no natural relationship.
900,607,H1-2024,4,3.6,Method international onto.
901,607,H1-2023,3,2.8,Worker opportunity machine finally pressure build southern.
902,608,H1-2022,3,4.5,Take health ten range cause through character prevent.
903,608,H1-2023,5,3.8,Project gas challenge explain would.
904,609,H2-2024,3,4.9,Beat race affect white church.
905,610,H1-2024,3,3.2,Strong describe degree example your crime bit between.
906,611,H1-2024,5,3.4,Energy reduce history organization clear late.
907,612,H2-2023,5,3.2,Item wind enter we show inside.
908,612,H2-2024,5,3.6,Energy tough send.
909,613,H1-2022,5,2.8,Wear wife mind partner financial happen.
910,614,H1-2023,3,4.5,Eat throw likely former parent.
911,615,H1-2023,5,4,Several down itself address.
912,616,H2-2023,4,2.6,Knowledge military long.
913,617,H1-2022,5,4.5,Truth ground become daughter four long Mrs.
914,617,H1-2023,4,2.9,Eight point remain open.
915,618,H1-2023,3,3,Crime station avoid glass rather cultural board industry.
916,619,H1-2022,5,3.6,Forget involve yard.
917,619,H2-2024,5,2.4,Speak senior them off.
918,620,H2-2022,4,3.6,Avoid official property name.
919,620,H2-2023,6,4.7,Skill firm east chair despite billion.
920,621,H1-2022,4,3.2,Public tough shoulder successful.
921,622,H1-2024,3,4.8,Hard beautiful always garden simply.
922,622,H2-2023,3,2.5,Near usually stage.
923,623,H2-2023,4,2.2,Claim sign machine heart.
924,624,H2-2022,4,3.7,Society attack when own material ask.
925,625,H1-2023,3,3.1,This evening project.
926,625,H2-2023,4,3.2,Investment person maybe rest then charge middle.
927,626,H1-2022,5,4.6,Employee ask poor resource exactly million.
928,627,H1-2024,4,3.7,Also together fear.
929,628,H2-2024,4,2.1,Eat animal us others those determine south.
930,629,H2-2022,3,3.7,Action person bar message wear sell parent.
931,629,H2-2023,3,3,Buy increase foot green economy.
932,630,H2-2023,3,3.6,Black vote such contain part over.
933,631,H2-2024,5,4.8,Prepare late remember front opportunity a.
934,632,H2-2022,4,2.1,Support give western memory.
935,632,H2-2024,5,3.8,Sign admit everybody arm amount region well.
936,633,H1-2022,4,4.3,Record contain central than role.
937,634,H1-2022,3,4,Save standard speech soldier ok cell manager.
938,635,H2-2022,5,2.2,Hospital student walk feel grow hospital model something.
939,635,H2-2024,3,4.1,Exactly inside performance finish discussion.
940,636,H2-2024,5,5,Who expect mission.
941,636,H2-2023,3,4.9,Off push interview other thank sign business.
942,637,H2-2022,3,4.2,Officer part window.
943,637,H1-2024,3,2.3,Wall positive no together course day bad.
944,638,H1-2022,5,2.3,Push capital practice religious painting environmental.
945,639,H1-2023,5,4.3,Through Republican education size.
946,639,H2-2023,4,3.7,Professional fire lay relationship evening five fish minute.
947,640,H1-2024,3,3.2,This together it section prevent heavy.
948,641,H2-2022,4,4.5,Fear exactly special about shake go eight.
949,642,H2-2023,3,2.3,Anything win behavior.
950,643,H1-2024,3,5,Upon vote chair quality option.
951,643,H1-2022,5,5,At a happen mention.
952,644,H2-2022,3,2.2,Bad surface left truth increase industry.
953,645,H1-2023,5,3.4,This court record stuff.
954,646,H2-2024,3,2.6,Choice top boy show.
955,647,H2-2024,4,4,Suggest less indicate plant concern form us.
956,648,H1-2022,5,3.7,Beat enjoy market note country.
957,648,H2-2023,3,2.9,Effect next summer.
958,649,H2-2022,4,4.2,Actually he what society beautiful.
959,650,H2-2022,5,4.3,Energy quite face build whom money.
960,650,H1-2023,4,2.2,Hospital risk order party live fly.
961,651,H2-2023,4,2.3,Mrs old threat company.
962,651,H1-2023,4,3.6,Author method study feel bag.
963,652,H1-2023,5,2.8,Defense ball position whom thousand.
964,652,H2-2023,5,5,Type like near generation agent entire.
965,653,H2-2024,4,4.7,Clear actually especially oil sport major however.
966,654,H1-2023,3,3.3,Travel despite environmental challenge make media.
967,655,H1-2022,4,3.4,Like loss field fight increase language stock.
968,655,H2-2022,4,3.7,Feeling various heavy me move each attorney soldier.
969,656,H2-2024,5,2.3,Stay between little share by give.
970,657,H1-2022,3,2,See fine down.
971,657,H1-2023,5,2.9,Teacher carry pretty own put gas number.
972,658,H1-2023,4,2.3,Report if remain fire public.
973,659,H2-2022,5,2.6,Chair dream cover yeah despite table.
974,660,H1-2023,4,5,As financial effect class.
975,661,H1-2023,5,4.9,Create account need approach low matter long.
976,661,H1-2024,4,3,Seven born ahead medical claim toward.
977,662,H1-2023,5,2.1,Hear article land either pay type.
978,662,H1-2022,4,3.3,Physical successful entire side forward everything.
979,663,H1-2024,5,4.4,Agency go campaign.
980,664,H2-2022,5,3.7,Entire garden east send century subject.
981,665,H2-2023,6,2.1,Significant indicate figure your good organization.
982,665,H1-2022,3,3.1,Eye discuss strong direction tax gas reduce.
983,666,H2-2024,5,2.2,Executive after turn effect.
984,666,H2-2023,3,3.1,Book current as speech sure subject.
985,667,H1-2024,4,4.1,Our help spend much recent television.
986,667,H2-2024,5,3.5,Since maintain have positive expert wind truth.
987,668,H2-2024,5,4.8,Involve of operation five.
988,668,H2-2023,4,3.7,American plant tonight apply truth great.
989,669,H1-2024,5,3.2,Yeah meeting grow.
990,670,H1-2023,3,4.1,Have conference hope spend local past record.
991,670,H2-2024,4,4.8,Agency seat beat she.
992,671,H1-2024,3,3,Go environment behavior.
993,672,H1-2024,3,3.9,Brother wrong why discover carry hotel year.
994,673,H2-2024,3,3.6,Face example hospital avoid.
995,674,H2-2023,5,2.2,Page else beyond front seem short.
996,674,H2-2024,3,2.5,Special my new free.
997,675,H2-2022,5,3.4,Still what age play attack.
998,675,H2-2024,4,3.7,Herself thought safe class still avoid.
999,676,H1-2024,4,2.9,Rich Mr miss.
1000,677,H1-2023,4,4.4,Do type real public yeah.
1001,677,H1-2022,3,2.3,Care at western every.
1002,678,H1-2024,5,4.6,Open remember reflect.
1003,678,H1-2023,3,3,Particularly present behavior them.
1004,679,H2-2022,5,2.7,Suffer street again artist people our.
1005,679,H1-2023,4,2.4,Affect necessary yourself floor.
1006,680,H2-2023,4,3.4,Minute book two admit like word strategy.
1007,681,H2-2022,5,3.7,Bag charge job.
1008,682,H2-2023,4,2.1,Painting somebody staff blood international region.
1009,683,H2-2024,4,3.7,If pattern something pattern.
1010,684,H1-2022,5,3.6,Race return off friend painting before difference range.
1011,685,H2-2022,4,4.7,Theory what they fill.
1012,685,H1-2022,3,4,Last economic realize trial important but.
1013,686,H1-2023,5,2.9,Film town professional heart marriage expect.
1014,686,H2-2024,3,2.2,Size some debate tree.
1015,687,H1-2022,4,2.4,Record degree guess student and thought.
1016,687,H2-2023,4,3.3,Should smile wife.
1017,688,H2-2023,3,2.8,Sport trip standard our candidate.
1018,689,H1-2024,4,2.9,History order state record you cover money.
1019,689,H2-2023,4,3.5,Production rise position reach.
1020,690,H2-2023,5,2.4,Hundred no field speak trouble investment nothing.
1021,691,H2-2022,5,4.8,If doctor country simply place doctor institution.
1022,692,H2-2023,3,4.9,Property create indeed his sign win PM.
1023,693,H2-2023,3,4.3,Management reveal choose concern bad.
1024,693,H2-2022,5,4.2,Set suddenly political others science.
1025,694,H1-2022,4,4.3,Personal positive price.
1026,695,H1-2022,3,4.2,Way provide career politics none.
1027,695,H2-2024,3,4.6,Few popular subject administration.
1028,696,H2-2022,4,4.2,Suffer per catch produce.
1029,697,H2-2022,4,2.6,Term wife administration yourself nearly maybe.
1030,697,H1-2024,4,2,Which establish step take.
1031,698,H2-2022,5,3.5,Cover set central wait I.
1032,698,H1-2023,5,2.4,Institution receive notice indeed industry.
1033,699,H1-2024,4,4.1,Might recognize itself safe later quality despite blue.
1034,699,H2-2023,4,2.3,Discover half mission early begin.
1035,700,H1-2023,4,2.1,At year shoulder test other right space.
1036,700,H2-2024,3,4.5,Carry keep table popular.
1037,701,H2-2023,5,2.7,Conference couple partner how.
1038,701,H2-2024,5,2.4,Lead sit site process level.
1039,702,H2-2022,5,4.2,Question nature song talk capital remember four.
1040,703,H1-2024,4,4.3,Away trouble card record finally senior each.
1041,704,H2-2022,3,2.9,Anyone culture thank management well store.
1042,704,H2-2023,5,4.5,Determine tough be save cause customer foot.
1043,705,H1-2023,3,4.9,Minute level hundred.
1044,706,H1-2024,3,4.9,News general nearly.
1045,707,H2-2024,5,3.4,People increase their these.
1046,708,H2-2022,4,4.1,Father experience entire probably.
1047,708,H2-2023,5,3.3,Stuff quality training game manager.
1048,709,H1-2022,5,4.3,Choose outside under drop former although finish.
1049,710,H1-2022,3,4.1,Learn trial instead agree.
1050,710,H2-2023,3,4.4,Pattern have degree.
1051,711,H1-2023,5,2.6,Subject will which pattern.
1052,711,H2-2023,4,2.5,Effort clear key upon.
1053,712,H2-2022,5,3.3,Direction next into glass hair.
1054,712,H1-2023,4,4.9,Newspaper series herself day western light stand serious.
1055,713,H1-2023,5,5,It fish experience agree behavior specific list.
1056,714,H2-2022,5,3.6,Require value everything animal gas carry market.
1057,714,H2-2024,4,2.3,Large job collection class international fine.
1058,715,H1-2024,4,4.9,Wife skin technology loss.
1059,716,H2-2024,4,4.5,Idea traditional she identify.
1060,717,H2-2024,4,4.2,Watch foreign rate your minute.
1061,718,H2-2024,3,3.3,Last I soon to hot fire image.
1062,718,H2-2022,3,3.8,Thousand Mr determine economy similar call name.
1063,719,H1-2022,5,2.7,Might sit protect institution recently firm.
1064,720,H2-2022,5,3.7,Watch involve how do.
1065,720,H2-2023,5,2,Either young direction check want gun rich.
1066,721,H1-2024,5,4.6,Opportunity operation plan value ok story citizen.
1067,721,H1-2022,4,3.7,Born type religious song him benefit.
1068,722,H2-2022,4,2.8,Wrong fight provide miss join deal husband.
1069,723,H2-2022,3,4.3,Land for song civil.
1070,723,H1-2023,5,4.9,Him writer others total perhaps treatment receive.
1071,724,H1-2022,6,2.9,Represent billion per owner one mother.
1072,725,H2-2024,5,4.7,Citizen such key subject institution.
1073,726,H2-2024,3,4.6,Fact data reach deep candidate.
1074,726,H2-2022,5,2,Over organization off assume feel.
1075,727,H1-2023,4,3.8,Great deal fact build person.
1076,728,H1-2022,3,2.7,Know manage land tonight though force activity.
1077,729,H1-2023,4,4.7,Foot change site less.
1078,730,H2-2023,4,3.1,Say country item down street field.
1079,730,H2-2024,4,2.2,Program skin together company dream his.
1080,731,H1-2024,3,2.1,Sit decade simple free glass big hold.
1081,731,H2-2024,3,2.5,Floor TV hear bill part appear let.
1082,732,H2-2022,5,4.9,Follow entire western team central push response.
1083,733,H2-2023,5,3.7,Ability part daughter.
1084,734,H1-2023,4,3.1,Pull heart around purpose card important serious.
1085,734,H1-2022,3,2.8,Analysis lawyer mission note.
1086,735,H2-2023,5,3.1,Community safe operation deep technology effect concern.
1087,735,H1-2024,4,4.7,Hotel indeed practice democratic.
1088,736,H2-2024,4,4.4,Room and sure spend task together education.
1089,736,H2-2023,4,4.3,Rather interview could go national piece develop.
1090,737,H2-2022,3,4.5,Much cell sell so movement ok.
1091,737,H1-2022,3,4.6,Good best lawyer executive card.
1092,738,H2-2022,5,2.2,This my include myself field school science.
1093,739,H2-2023,4,3.3,Cause ability performance argue need challenge.
1094,740,H1-2024,5,4.3,Think present unit start.
1095,740,H2-2022,5,3.8,Anything new modern sense like every serve.
1096,741,H1-2023,5,4,Money ask process seven no church management.
1097,742,H1-2023,5,4.4,Nature total next goal computer.
1098,742,H2-2022,3,4.5,Stop dinner lawyer.
1099,743,H2-2023,3,3.9,Attorney wear process respond response reveal.
1100,743,H1-2023,3,3.4,Per financial leader few.
1101,744,H2-2024,4,2.4,Condition another success together.
1102,744,H2-2022,4,2.2,Fast already time now read space end.
1103,745,H1-2022,5,2.2,Energy possible hundred hope recently question.
1104,745,H2-2023,3,3.4,Machine music even full.
1105,746,H2-2023,4,2.2,No suddenly perform market.
1106,746,H1-2022,3,4.1,Land wonder traditional similar.
1107,747,H2-2024,3,4.3,Could about plant on stand just end.
1108,748,H1-2023,4,3.3,Natural hospital sport pick fill.
1109,749,H2-2022,4,2.8,About particularly enter physical center remain war.
1110,750,H1-2023,5,3.2,Say economic attack common again another.
1111,751,H1-2024,5,5,Recognize company door beyond type hold.
1112,751,H1-2023,5,3.2,Here democratic likely three prevent tax.
1113,752,H2-2023,4,4.1,Event happy treatment without one.
1114,752,H2-2024,3,2.4,Or though meet tough program.
1115,753,H2-2024,4,3.9,After yeah why effect material.
1116,753,H2-2023,4,2.6,Positive increase most.
1117,754,H1-2024,5,4.2,Wide bag reflect three and.
1118,755,H1-2023,5,2.9,Million upon now.
1119,755,H1-2022,3,2.4,Star particularly drop involve sell ok who red.
1120,756,H1-2023,5,3.7,Treat travel beyond responsibility though little.
1121,757,H2-2022,4,3.5,Under individual effect success suffer ok.
1122,758,H2-2023,3,4.8,Popular cell camera truth near protect upon girl.
1123,759,H2-2022,5,4.7,Pattern different check worry policy.
1124,759,H2-2024,3,3.1,Page scientist well wide.
1125,760,H1-2023,3,4.7,Meeting occur adult.
1126,761,H1-2024,3,2.9,Cup standard participant Democrat skill view contain.
1127,761,H1-2023,4,2.4,Push their kid.
1128,762,H2-2024,4,3.3,Stuff and film office.
1129,762,H1-2023,4,2.2,Painting minute window including determine.
1130,763,H1-2022,5,4.5,End throw meeting.
1131,763,H1-2024,4,2,Everything receive nation full young.
1132,764,H2-2024,5,3.4,Decade wish turn almost position.
1133,765,H1-2022,5,4,True father beautiful past item theory camera house.
1134,766,H1-2022,5,2.3,Itself prevent speech around reach.
1135,767,H1-2024,5,2.5,Door campaign hand.
1136,768,H2-2023,4,3.8,Side myself hot become.
1137,769,H1-2022,3,3.4,Information develop successful table.
1138,769,H2-2022,4,4.1,Agreement soon much car score minute.
1139,770,H1-2022,3,2.4,Interest own never cut heart fear.
1140,770,H2-2023,5,4.6,Woman upon wear military hundred tend over.
1141,771,H2-2022,4,2.9,Scientist adult majority house particular teacher but.
1142,771,H2-2024,3,2.1,Lawyer test the address that view.
1143,772,H2-2022,4,2.5,Who everything arm usually themselves.
1144,772,H2-2024,3,2.4,From population she per tend personal green executive.
1145,773,H1-2023,3,4,Energy detail during but magazine brother.
1146,773,H1-2024,3,2.5,Recognize relate card mission alone note nearly.
1147,774,H2-2024,5,2.1,Store us drug education.
1148,774,H2-2022,5,2.2,Defense whom pretty middle improve participant decide.
1149,775,H2-2022,3,4.9,Rule particularly religious hand they establish face take.
1150,776,H1-2022,3,3.1,Lawyer value local focus the operation one.
1151,777,H2-2022,5,3.2,Issue successful economic most.
1152,778,H1-2023,5,4.8,East language whatever section go.
1153,778,H2-2023,4,4.6,Management inside issue expert year model hour.
1154,779,H1-2023,4,3.8,Chance live reflect civil item style.
1155,779,H2-2023,4,3.2,Tonight clear week test.
1156,780,H2-2022,4,2.6,Raise about suggest middle third great name.
1157,781,H2-2022,3,4.1,Me control floor authority.
1158,781,H2-2024,5,3,Shoulder three quickly when audience chance family politics.
1159,782,H2-2024,3,2.1,Door process agency.
1160,782,H1-2024,3,2.5,Chair wide economy least according project hear.
1161,783,H1-2023,3,4.5,Past girl executive hand fall most.
1162,783,H1-2024,5,4.1,Conference environmental travel father.
1163,784,H2-2022,3,3.5,How strategy only full once.
1164,784,H2-2023,5,2.7,Six teach brother scene order condition activity guy.
1165,785,H1-2022,4,3.1,Already threat use attention.
1166,785,H2-2023,3,3.4,Design thing within lead participant star.
1167,786,H1-2022,4,2.7,Season tell research.
1168,787,H1-2023,3,3.2,Why involve head door already.
1169,788,H1-2024,5,2.6,Close only pull couple let.
1170,788,H2-2022,5,4,Billion major whether say put take pass.
1171,789,H2-2024,3,2.6,Agree possible beat arm address before.
1172,790,H1-2023,4,2.4,Administration unit several away.
1173,790,H1-2022,3,2.1,Such between night determine add.
1174,791,H2-2022,4,3.8,Source manage husband industry media write.
1175,791,H2-2024,4,3.6,High contain including tell six art.
1176,792,H1-2024,5,5,Throughout within organization enter decide serious senior.
1177,793,H2-2022,5,4.9,Campaign season method style whom government.
1178,794,H1-2024,5,2.6,Should product choice will but choice pick.
1179,795,H2-2022,5,4,Drive final successful Democrat concern summer.
1180,796,H2-2022,5,4.1,Direction avoid discuss east spend national there.
1181,796,H1-2024,4,3.8,Nor from stock reach police price.
1182,797,H2-2022,4,3,Tree open foot.
1183,798,H2-2022,5,4.9,Two choose policy year conference.
1184,799,H2-2024,4,5,Can population collection might.
1185,800,H2-2023,3,3,Mr arm film instead against ahead move.
1186,800,H2-2024,5,3.2,Represent happen ready modern must several.
1187,801,H2-2024,3,3.7,Without real tree poor impact image important quality.
1188,802,H1-2023,4,2.5,Arm surface doctor.
1189,803,H1-2024,4,3.8,We read than.
1190,803,H2-2024,5,2.4,Glass marriage whether he often once bar.
1191,804,H1-2024,4,2.6,More smile avoid Congress company.
1192,805,H2-2022,3,4,Human like season also fact.
1193,806,H2-2022,4,2.2,May probably phone they.
1194,807,H1-2022,4,3.5,Decide positive as read tell.
1195,807,H2-2022,5,2.1,Speak mind on thought everyone create.
1196,808,H1-2024,3,3.3,Quite fact forget center way especially long.
1197,808,H2-2022,4,4.9,In sister too crime.
1198,809,H2-2024,4,4.8,Agency program step enjoy major develop argue mother.
1199,810,H2-2023,3,2.7,And watch rate foot parent indicate.
1200,810,H2-2024,5,2.3,Wonder person test positive share majority.
1201,811,H2-2022,4,2.6,Girl pay majority today mission bank.
1202,812,H2-2022,4,2.1,Work sport over full my.
1203,813,H2-2024,5,4.4,Help people nearly animal authority military score.
1204,814,H2-2022,4,3.9,Section tax bring month focus who a style.
1205,815,H2-2022,3,4.1,Born its his officer kid four.
1206,816,H1-2024,3,3.3,Bring interesting discussion energy.
1207,817,H2-2023,3,2.3,Always answer music street quite accept.
1208,817,H1-2024,5,3.4,Administration vote drop world land sense left.
1209,818,H2-2023,5,4.4,Special whose easy TV pay course window trial.
1210,819,H2-2022,4,3,Contain color city really sure market.
1211,819,H1-2022,3,2.5,Common in thousand visit north.
1212,820,H1-2024,3,4.1,International cultural policy.
1213,820,H2-2022,4,2,Assume together production.
1214,821,H2-2022,5,4.9,Somebody officer democratic option.
1215,821,H1-2022,3,4.8,Fine she himself agent book tell attention.
1216,822,H1-2022,4,3.5,Manage pull something agree wind.
1217,822,H2-2023,5,4.1,Size decide where four serious nature let.
1218,823,H2-2022,4,4.1,Describe occur cost available measure.
1219,824,H2-2022,4,3.9,Space material give see firm position.
1220,825,H2-2024,5,2.6,Gun it appear general hand rich dark use.
1221,825,H1-2022,5,4.7,Culture mention class race scene stand.
1222,826,H1-2022,3,3.6,Ball have move pick yeah floor strategy.
1223,826,H1-2023,3,4.4,Owner quickly worker common include.
1224,827,H2-2023,4,3.7,Government follow consumer entire century.
1225,828,H2-2024,4,2.4,Heart benefit interview bad political simply rather.
1226,829,H2-2024,5,2.6,Talk sure leader heavy season upon whole.
1227,829,H2-2023,4,2.4,City life class reason year discussion.
1228,830,H1-2022,4,4.2,Anything quality every other between send respond.
1229,831,H1-2023,4,3.7,One example threat character beyond.
1230,832,H1-2023,4,3.8,No begin former property.
1231,832,H2-2023,4,4.4,Answer recognize house investment call.
1232,833,H1-2023,5,4.8,Option less local wind American blue realize.
1233,833,H2-2022,5,4.6,Central finally system discussion action ability its.
1234,834,H2-2024,5,3.5,Poor sure dog Mrs.
1235,834,H1-2023,3,2.6,Series individual value job early.
1236,835,H2-2024,4,3,Several main down money program say now.
1237,835,H1-2024,5,4.9,Song pick billion feeling.
1238,836,H1-2024,4,4.3,Almost choice ready.
1239,836,H1-2023,4,3.3,Window ball tend.
1240,837,H1-2022,4,3.8,Someone year walk.
1241,837,H2-2022,3,3.3,Upon interview themselves our president two.
1242,838,H1-2024,4,4.9,Thought loss ago.
1243,839,H1-2022,4,4.5,Free beat admit cover new.
1244,840,H1-2022,3,3.2,Sing trip determine question media.
1245,840,H2-2024,4,3.6,Guy better prepare our.
1246,841,H2-2022,3,3.2,Become camera police letter product chair.
1247,842,H1-2023,5,4.7,As ground enter evidence glass.
1248,842,H1-2022,4,4,Wear high agreement for.
1249,843,H1-2023,3,3.6,Teach structure other interesting.
1250,843,H2-2024,4,2.6,Try suddenly report.
1251,844,H1-2024,4,4.8,Well meeting light keep every soldier.
1252,845,H2-2022,3,4.8,After wife vote stuff table test while.
1253,845,H1-2024,3,2.9,Miss should listen.
1254,846,H2-2022,3,3.7,Field still current federal.
1255,847,H2-2024,3,3.6,Thank one strategy heavy son role remember.
1256,848,H2-2024,4,4.4,Election past policy continue your source around wide.
1257,849,H1-2022,3,3.3,Area language plant woman throughout government official.
1258,849,H2-2023,5,3.8,Step loss student all respond beautiful.
1259,850,H2-2023,5,3.7,Course never tend while a here.
1260,851,H2-2024,3,3,Former door at issue.
1261,852,H1-2023,5,4.8,Alone rich raise federal but may walk.
1262,853,H2-2022,3,3.9,Itself city unit.
1263,853,H1-2023,4,3.6,Raise plant develop magazine send.
1264,854,H1-2024,3,2.8,Financial sell mother relate study lead.
1265,854,H2-2022,4,4.2,Director need reveal hundred.
1266,855,H1-2024,4,4.6,Pick try dinner maintain back like power.
1267,855,H1-2023,5,3.6,Money should receive thank.
1268,856,H2-2023,3,4.9,Something southern arm letter man population to.
1269,856,H1-2024,5,4.5,Image kind practice several itself door respond bar.
1270,857,H2-2022,4,3.6,Pattern look focus stop where positive meet.
1271,857,H1-2022,3,4,Step open lose the energy lot they.
1272,858,H1-2024,5,4.1,Discussion information defense that which example energy.
1273,859,H1-2023,5,4.3,Middle inside about service ahead floor ask.
1274,860,H1-2024,3,3.1,Artist top star plant character test machine.
1275,860,H2-2023,5,3.8,Painting adult treatment not notice article nature.
1276,861,H1-2022,3,2.2,Young current door capital herself economy.
1277,862,H2-2024,5,4.1,Eye travel onto strong able.
1278,863,H1-2022,4,4.9,Have too each need quickly management become.
1279,863,H2-2024,4,3.3,Task opportunity war soon yeah laugh.
1280,864,H2-2022,5,2.6,They civil here whose professor care.
1281,865,H2-2022,4,4.4,Prevent quality its difference light foreign.
1282,865,H1-2023,4,4.6,Democratic move because important save test news agreement.
1283,866,H1-2023,3,3.2,Take budget reduce carry drug pick.
1284,866,H2-2022,4,4.4,Material general citizen.
1285,867,H1-2023,4,2.1,Black style page store officer.
1286,867,H2-2024,4,2.6,Window similar support listen allow account win trade.
1287,868,H2-2022,3,2.9,So affect dog herself.
1288,869,H1-2022,3,4.5,Choose way owner walk deal exactly.
1289,870,H2-2022,3,4.1,Accept teach woman activity available discuss science.
1290,871,H1-2023,5,3.9,Network light administration audience push almost scene hospital.
1291,872,H2-2022,3,3.9,Reach adult if individual.
1292,872,H1-2022,5,4.7,Authority his walk.
1293,873,H2-2023,3,2.9,Gun director room heart level high force.
1294,873,H1-2024,4,3.3,Rich again recent police improve high no.
1295,874,H1-2024,4,3.6,Your night staff social mean poor.
1296,875,H2-2022,5,4.6,Produce indicate we.
1297,876,H2-2022,5,4.5,Hit need he.
1298,877,H2-2024,3,3,Scientist on card could individual reveal size.
1299,877,H2-2022,4,4.8,Loss amount visit.
1300,878,H1-2024,5,3.3,Represent great nature trade gas.
1301,879,H2-2024,4,4.4,Outside sometimes game race.
1302,879,H1-2023,4,2.8,Pass theory radio actually.
1303,880,H2-2023,3,4.8,Sure season most mother stage.
1304,880,H2-2024,3,4.3,Bit of front suddenly movement last.
1305,881,H1-2023,3,3.8,Several character skill part resource now.
1306,881,H2-2024,4,3.3,Democrat course three stand management authority in.
1307,882,H1-2023,5,4.4,Decide seven your trial glass until.
1308,882,H2-2022,4,2,Again technology everybody old total.
1309,883,H2-2023,4,4.5,Month develop street forward could their.
1310,884,H2-2022,5,4.6,Size practice determine.
1311,884,H1-2023,5,2.6,Bag shake edge population camera above tend.
1312,885,H1-2023,3,3.4,Man sense billion full big whole during.
1313,886,H1-2024,4,4,Ability these their sound.
1314,886,H1-2022,3,3.6,Yet some up feeling together popular.
1315,887,H2-2024,3,2.5,Significant need west.
1316,888,H1-2022,4,3.6,Remain buy prove evidence party.
1317,889,H2-2023,5,3.1,Mind product possible wear.
1318,890,H1-2023,4,4.7,Crime tree them miss than there until.
1319,891,H1-2023,5,3.5,Collection doctor month day.
1320,891,H2-2023,4,3.6,Choose hundred budget probably.
1321,892,H1-2023,5,3,Reflect couple leader account.
1322,893,H2-2023,5,2.3,Nature concern score somebody summer week themselves.
1323,893,H1-2022,5,4.8,Program admit participant election.
1324,894,H1-2023,5,2.9,Hand no now avoid continue.
1325,895,H1-2022,4,4.2,So magazine none serious build.
1326,895,H1-2023,4,3.1,Over development marriage science.
1327,896,H2-2023,4,4.9,Likely key party same game call.
1328,896,H1-2024,3,2.8,Apply indeed fund visit friend natural.
1329,897,H1-2023,4,2.6,Image account worker government provide.
1330,897,H1-2022,3,3.9,Charge but better also.
1331,898,H2-2022,3,3.6,Crime allow yes these nature.
1332,898,H2-2023,5,4.6,Senior no film movement build fire.
1333,899,H1-2024,4,3,Water including section put.
1334,900,H2-2024,5,4.4,Structure difference where laugh sort.
1335,901,H2-2022,3,4.8,Production especially else fine.
1336,901,H1-2022,3,3.7,Write other almost those worry.
1337,902,H1-2023,5,3.7,Memory measure present order expert section former.
1338,902,H2-2024,3,3.9,And easy significant world week source.
1339,903,H1-2023,5,2.7,Write wear good.
1340,903,H1-2022,3,2.8,Will true pick artist stock sea investment.
1341,904,H1-2022,3,2.5,Marriage successful play.
1342,904,H1-2023,3,4,Increase reflect describe more.
1343,905,H1-2024,3,2,Ground bad expect similar.
1344,906,H2-2022,3,2.9,Perhaps religious road director keep what official.
1345,906,H1-2022,5,2.1,Book western perhaps form everybody up ok.
1346,907,H1-2023,5,2.3,May sound big particular father interesting.
1347,907,H1-2022,4,2.2,Network him believe mind Congress use push.
1348,908,H1-2024,5,4.7,Suffer arrive I teacher explain however physical.
1349,909,H2-2022,5,3.9,Every impact behind police billion perform.
1350,909,H1-2022,4,4.7,Perform discussion business drive whose fact.
1351,910,H2-2023,5,4.3,Room reason because want.
1352,911,H1-2022,4,4,Town structure offer example.
1353,912,H1-2022,3,3.6,Number its other bring.
1354,913,H2-2022,3,4.9,Agreement wish age series me seek play.
1355,914,H2-2023,3,4.7,Foot final brother join start recent her.
1356,915,H1-2022,5,2.2,Believe officer produce give leader.
1357,915,H2-2023,4,2.6,Vote trade dog.
1358,916,H1-2023,3,3.3,Economy nation read air design.
1359,917,H2-2024,3,3.5,Treatment room answer through ability kitchen shoulder firm.
1360,917,H2-2022,5,3.1,Increase not reduce under probably him.
1361,918,H1-2024,3,4.9,Learn would let.
1362,919,H1-2024,3,2.5,Test always hot follow fear.
1363,920,H1-2024,5,4,Machine thing again.
1364,920,H1-2023,3,3.6,Fine sort character course player so suggest.
1365,921,H1-2023,5,4.9,Goal generation when none term discussion move professional.
1366,922,H1-2022,5,4.5,Message meeting against allow catch ask rise share.
1367,922,H1-2023,3,2.4,Sort item company prepare usually response see.
1368,923,H2-2023,3,2.9,Lawyer agreement kitchen kid while discover.
1369,924,H2-2022,3,4.4,To still word none answer.
1370,925,H2-2024,5,4.3,Film discover protect build.
1371,925,H1-2022,3,3.2,Woman ever side become.
1372,926,H2-2023,4,2.4,Prevent such inside five manager total success.
1373,926,H2-2022,3,4.3,Know water society one me attorney.
1374,927,H1-2023,3,4.3,Real thus shoulder reach however fish.
1375,927,H2-2023,5,4.4,And garden idea born outside think value.
1376,928,H2-2023,5,2,Gas against threat ago.
1377,929,H1-2022,5,4,Shake support board particularly box program.
1378,930,H2-2024,5,4.8,Feeling audience point sit win market manager.
1379,931,H2-2022,3,3.3,Language never apply general certain benefit.
1380,931,H2-2024,3,4.9,Dog store mother have either artist.
1381,932,H2-2022,5,3.3,Something wear particular capital list since tough door.
1382,933,H2-2024,5,2.1,Fear little reason.
1383,934,H2-2024,4,3.7,Science fall break establish.
1384,935,H1-2023,4,3.7,Standard few part.
1385,935,H1-2022,5,2.9,Board none lay pull.
1386,936,H1-2022,4,3.5,Feeling voice information bank indeed.
1387,936,H2-2023,3,4.4,Suddenly party leg poor fact case.
1388,937,H1-2024,3,2.6,Available treat property thousand change site fact.
1389,938,H1-2024,5,3.2,Similar hold just almost use.
1390,939,H2-2022,4,3.3,Nature necessary total project training however imagine.
1391,939,H2-2024,5,4.5,Crime good exactly point.
1392,940,H2-2022,4,4.2,During never outside man.
1393,941,H2-2024,5,3.3,Pass possible bring southern else individual.
1394,942,H2-2024,3,3.8,Free money blood clear the.
1395,943,H1-2024,4,3.7,Report buy ago trouble.
1396,943,H1-2022,5,3.5,Response citizen too size.
1397,944,H1-2023,5,4.3,Many measure experience rather people.
1398,944,H1-2024,4,3.4,Offer represent Mr ahead food fact.
1399,945,H2-2022,5,3.7,Inside foot win program all.
1400,945,H1-2023,5,4.3,Since job though option garden.
1401,946,H1-2022,5,3.7,Sing especially activity everything.
1402,947,H2-2023,4,3.5,Serious interesting my commercial.
1403,948,H1-2023,5,4.4,Travel say before fire full peace.
1404,949,H1-2023,5,4.4,True recognize rule could none seek.
1405,950,H2-2024,3,2.5,For price shoulder wish suddenly manager upon say.
1406,951,H2-2023,3,4.8,Weight serious better.
1407,951,H1-2024,5,2.4,Late series water many.
1408,952,H1-2023,3,3,Represent series instead cultural together.
1409,953,H2-2024,5,3,Pull task space leader color list.
1410,953,H2-2022,5,2.4,Throughout put deep rest case perhaps.
1411,954,H2-2024,3,3.9,Resource according rise feeling certainly today.
1412,955,H2-2024,5,2.7,During any plan tax huge free low.
1413,956,H1-2024,3,3.6,Term wear out worker ask data.
1414,957,H2-2022,3,3.8,Worker into contain.
1415,957,H2-2024,5,4.9,Before evidence senior.
1416,958,H1-2023,5,4.3,Medical national memory wish man billion.
1417,958,H1-2024,3,2.1,Look surface response.
1418,959,H2-2024,3,2.6,Situation company even bag bill.
1419,960,H1-2024,4,4.5,Special among drop.
1420,961,H2-2023,5,3,Adult program computer apply process.
1421,962,H1-2022,5,3,Away cover sense report different fish month.
1422,962,H2-2023,4,2.8,But someone meeting itself.
1423,963,H2-2022,5,3.5,Common true success offer bit medical.
1424,963,H2-2023,3,3.5,Huge pressure student significant list face machine.
1425,964,H1-2023,3,4.4,Remain yet your can most get crime appear.
1426,965,H2-2024,5,2.2,School car necessary remain yard actually tell new.
1427,966,H2-2024,4,4.5,Morning apply although always soon act.
1428,966,H1-2024,3,4.7,Agreement debate court some information officer you.
1429,967,H1-2024,3,2.5,Kind head cover poor appear.
1430,967,H2-2022,3,2.2,Behind interview wonder happen arrive.
1431,968,H1-2023,5,4.9,Move style call third sense father.
1432,968,H2-2023,3,4.1,Between officer data market determine middle him.
1433,969,H2-2024,3,2.4,Thank policy start mouth site store.
1434,970,H1-2024,4,4.5,Time in edge interest address dark risk.
1435,971,H1-2022,4,2.3,Mind age type cultural another.
1436,971,H2-2023,4,4,Identify seek both treatment teacher company.
1437,972,H2-2023,4,3.6,Power article ten push service.
1438,973,H1-2024,3,2.2,Bring field city threat.
1439,974,H1-2024,4,4.3,Without issue social work year hotel prepare.
1440,975,H2-2022,4,4.4,Happy go receive key wish.
1441,975,H1-2022,4,3.4,Rate water economic its make.
1442,976,H1-2024,4,2.2,Finish maintain her television visit trouble education.
1443,976,H2-2023,4,3.1,Bring middle hot quite model not.
1444,977,H2-2023,4,5,Let poor wife style senior keep.
1445,978,H2-2023,5,3.9,Describe PM decision the put.
1446,978,H1-2024,3,3,Computer idea list station wear.
1447,979,H1-2024,5,3.9,Sure down Congress push.
1448,980,H2-2022,5,4.7,Everybody get think leave must major.
1449,980,H2-2024,3,3.8,Use among peace create sing finish hand.
1450,981,H2-2023,4,3.8,Someone edge benefit consumer others child.
1451,982,H1-2024,3,3.1,May article movie gas.
1452,983,H1-2023,4,4.1,Win television throughout teacher education.
1453,984,H1-2022,4,4.6,City style century most boy join.
1454,985,H2-2023,5,2.9,Mrs maintain dark discussion us save.
1455,986,H2-2024,4,2.2,More can drug growth.
1456,987,H1-2022,3,3.8,Quite firm improve first yeah recently adult.
1457,987,H2-2022,4,4.9,Old indicate task cause describe.
1458,988,H2-2023,3,4.1,Second guess radio baby.
1459,988,H2-2024,3,2.3,Again staff decide hair exactly.
1460,989,H2-2023,3,3.6,Far society letter affect civil.
1461,990,H1-2023,3,2.3,Character force lead determine.
1462,990,H1-2022,4,4.7,Rest them poor low.
1463,991,H2-2024,3,4.3,People democratic street certain rate according.
1464,992,H1-2022,4,3.6,Single better Congress pick.
1465,993,H1-2022,5,2.4,Meeting sea subject apply section should food.
1466,994,H2-2024,5,4.7,Sometimes yeah mission.
1467,994,H2-2023,6,2.7,Arrive last west force try toward TV for.
1468,995,H2-2022,5,4.5,School field push method common nice fire.
1469,996,H2-2023,3,2.1,Expect onto tonight door company everybody past.
1470,996,H2-2024,4,3.1,Significant total line right.
1471,997,H1-2024,5,2.3,Face give six hair health wait news part.
1472,997,H1-2022,3,4.9,Machine decade age best.
1473,998,H1-2024,5,3.2,Structure possible ahead.
1474,999,H2-2024,5,2.4,Few visit individual hit four.
1475,999,H2-2022,3,2.2,Main Mrs believe day record should big.
1476,1000,H1-2024,5,4.5,Vote Mr record help want build.
1477,1001,H2-2023,3,4.8,Exist chance item.
1478,1002,H2-2024,4,3.3,Want federal perhaps cut wide.
1479,1002,H1-2024,3,4.3,Than give how.
1480,1003,H1-2024,6,4.3,House member personal record pull.
1481,1003,H2-2024,5,3.7,Value something collection study positive.
1482,1004,H1-2024,5,4.4,Also carry general increase read majority energy daughter.
1483,1004,H2-2022,4,4,Involve operation economy citizen able others carry.
1484,1005,H2-2023,5,2.6,Experience middle must significant book.
1485,1006,H1-2022,5,4.2,Citizen federal direction.
1486,1007,H2-2023,4,3.5,All executive success under.
1487,1008,H2-2024,5,2,Size within some others end less.
1488,1008,H1-2023,3,4.8,Quite leader two with yes.
1489,1009,H2-2024,3,4.2,Glass stop Congress leave before.
1490,1010,H1-2024,5,2.9,Mouth budget nor door.
1491,1011,H1-2023,3,3,Attack drive rate official training.
1492,1011,H1-2022,3,3.7,Hotel room PM analysis teacher specific treatment.
1493,1012,H2-2023,3,4.5,Task politics garden risk.
1494,1012,H2-2024,4,3.4,Learn individual plan skin marriage.
1495,1013,H2-2023,3,4.6,Seek political house fight vote south.
1496,1013,H1-2024,3,2.7,Yet degree fall food friend probably.
1497,1014,H2-2024,3,3.7,Away fish interview already.
1498,1014,H1-2022,3,4,Technology phone apply sister television physical task memory.
1499,1015,H1-2022,4,4.3,Analysis case many participant.
1500,1016,H2-2024,5,3.1,Others camera health.
1501,1016,H2-2022,5,2.4,Some admit bring generation standard gun.
1502,1017,H1-2023,3,3.6,Report radio information mean base.
1503,1017,H1-2024,4,4.9,Now force international senior free picture.
1504,1018,H1-2022,4,2.7,Community water individual once money as single.
1505,1019,H1-2023,4,3.5,Age by produce cup.
1506,1019,H1-2022,4,3.5,Shake difference lawyer order truth level especially.
1507,1020,H1-2024,4,2.5,Financial difference store operation huge middle radio.
1508,1021,H1-2022,3,3.2,Military myself imagine.
1509,1022,H2-2022,5,3,Face successful task worry figure example.
1510,1023,H2-2022,4,3.3,Treatment manage view high computer finish.
1511,1024,H1-2023,3,3.5,Such growth right run long only recognize.
1512,1024,H1-2024,3,3.9,Size may language.
1513,1025,H2-2022,5,2.1,Sell world member party.
1514,1026,H2-2022,3,2.4,These decide tonight old drive weight language.
1515,1027,H1-2023,5,3.2,View skin wide practice speech most.
1516,1027,H2-2022,5,2.7,Affect include center southern beat great nor.
1517,1028,H1-2022,5,2,Sport win number not understand.
1518,1029,H2-2022,3,3,Account every wear popular measure run.
1519,1029,H1-2024,5,4.1,Size bit north plan position.
1520,1030,H2-2022,3,3.9,Conference think yourself raise laugh condition hundred.
1521,1031,H2-2023,3,2.1,Student hotel where reduce offer play.
1522,1031,H1-2022,4,4.7,Budget meet some political free young set career.
1523,1032,H2-2022,4,3.2,Position audience serve no.
1524,1032,H1-2023,3,2.8,Each indicate single Mrs.
1525,1033,H2-2024,6,4.9,Miss if my per enjoy picture.
1526,1034,H2-2024,6,3.4,Religious board entire cost.
1527,1034,H2-2022,4,4.8,Project produce east law.
1528,1035,H2-2024,5,3.8,Remember want could reflect.
1529,1036,H1-2024,5,4.4,Light change view play enough.
1530,1036,H2-2023,5,3.6,Year prove song foreign him time hotel success.
1531,1037,H1-2022,5,3.6,Once actually mind store.
1532,1038,H2-2023,5,2.4,Beautiful administration go language international discussion bar note.
1533,1039,H2-2024,3,2.7,Trade professional few sit plant.
1534,1039,H2-2022,3,2.2,Remember head table.
1535,1040,H1-2024,4,4.1,Director condition issue onto develop should.
1536,1041,H1-2023,3,3.2,Address gas issue billion fear at.
1537,1041,H2-2022,3,2.6,Look even office explain time ball list.
1538,1042,H2-2024,3,4.4,Similar law as magazine poor.
1539,1043,H1-2023,4,4.1,Until particular can by.
1540,1044,H2-2024,4,3.3,Federal hope much anyone.
1541,1044,H2-2023,3,5,Democratic than yourself mind.
1542,1045,H1-2024,4,2.8,According late experience work.
1543,1045,H2-2022,3,2.7,Act consider quality account artist.
1544,1046,H2-2022,5,2.2,Mean program when low.
1545,1047,H2-2023,3,3.1,Natural company ground final.
1546,1048,H2-2024,5,3.4,Leave nature return finish.
1547,1049,H2-2022,3,2.3,See building according away several investment.
1548,1049,H1-2024,5,3.3,Dinner heart really ten.
1549,1050,H2-2022,4,2.3,Join book front occur remember list.
1550,1051,H1-2022,4,3.6,Model answer ahead anything case.
1551,1051,H1-2024,5,2.7,Fact child same blood son age thousand.
1552,1052,H1-2024,4,4.4,Sister technology window Congress record value friend difficult.
1553,1053,H1-2024,4,4.1,Four design second feel way these industry.
1554,1054,H2-2024,3,4.9,With address check finish.
1555,1054,H2-2023,4,3.1,Fast director production budget material ground.
1556,1055,H2-2023,3,3.2,Month thing total season production such.
1557,1055,H1-2023,3,4,Play stay case everything.
1558,1056,H2-2024,4,2.3,Show sound together.
1559,1056,H2-2022,5,4.8,Prevent market big network.
1560,1057,H2-2023,4,4,She soon easy young.
1561,1057,H1-2022,3,4.8,After detail quickly charge theory respond receive.
1562,1058,H1-2022,5,2,Very customer local.
1563,1059,H1-2023,5,2.8,Cover sit approach later force large.
1564,1059,H2-2023,3,2.1,Commercial deep marriage matter.
1565,1060,H1-2023,4,3.4,Foreign many guess scientist follow bed.
1566,1061,H1-2024,5,2.9,Mind treatment according bit good.
1567,1062,H1-2023,3,2.4,Leader general sound letter.
1568,1062,H2-2023,4,3.3,Policy such wish we study and.
1569,1063,H2-2022,3,4.9,Hold behavior young war.
1570,1063,H2-2023,3,4.7,Painting along light or off.
1571,1064,H1-2022,4,4.1,Likely week maintain around teacher without into.
1572,1065,H1-2024,3,3.7,Tell fish interesting school grow science.
1573,1065,H2-2023,5,2.7,Work run future seek attorney speech right.
1574,1066,H1-2022,4,3.7,Game own collection third bed indicate mother.
1575,1066,H2-2023,4,2.4,Who when family lay.
1576,1067,H2-2023,3,2.7,Enjoy positive east street music build interest.
1577,1067,H2-2022,5,2.5,Before each involve when cause foot.
1578,1068,H1-2022,4,4.1,Community building large individual since ground lawyer.
1579,1069,H1-2024,4,4.8,Could here the at end lay per.
1580,1069,H2-2022,4,3.7,Activity explain thing.
1581,1070,H2-2024,5,3.3,Sing television two.
1582,1070,H1-2022,5,3.2,Now rule read program amount shake former.
1583,1071,H2-2024,5,2.8,New hour option nice decision never.
1584,1072,H2-2024,5,4.6,Old able find month film big.
1585,1072,H1-2022,4,3.3,Full career near military life even everything.
1586,1073,H1-2022,3,3.7,Trade among star stand.
1587,1074,H1-2023,4,4.5,Material yourself total middle everything sing contain.
1588,1075,H2-2023,3,2.5,Person fear senior although according trip.
1589,1075,H2-2022,5,4.5,Lose nor shoulder reveal.
1590,1076,H1-2023,3,4.9,Take now let interest ever before.
1591,1076,H1-2024,5,4.4,Offer college follow speech not art economic.
1592,1077,H1-2023,5,2.5,Class physical risk amount new.
1593,1078,H1-2024,3,3.6,History pressure go be lawyer technology.
1594,1079,H1-2024,5,2.2,Form decision could former you good.
1595,1080,H2-2022,5,3.5,Dream trial thus worry window you.
1596,1080,H2-2023,3,3.1,Describe line west concern return particularly.
1597,1081,H2-2023,5,4.4,Special hair power try.
1598,1081,H1-2022,5,4.6,Population thus property pick exist boy of.
1599,1082,H2-2024,3,2.7,Media few wind yeah morning quality.
1600,1083,H2-2023,5,2.4,Nor woman data law.
1601,1084,H2-2024,5,3.9,Despite discussion usually who despite.
1602,1084,H2-2022,5,2.1,Threat policy politics arm cost around bag author.
1603,1085,H2-2022,3,3.7,According leg black stand front since different ago.
1604,1085,H1-2022,3,3.3,Control economic production every.
1605,1086,H1-2022,4,3,Expect just medical employee result small stand.
1606,1087,H1-2022,3,2.7,Part recently drive son me rule.
1607,1087,H2-2022,4,2.5,According street among personal too news billion news.
1608,1088,H1-2024,3,3,Clear process listen democratic.
1609,1088,H1-2023,5,4.6,Professor challenge indeed themselves.
1610,1089,H2-2024,4,3.9,Any against effort.
1611,1089,H1-2024,3,3.9,Attorney think coach choice another write tonight.
1612,1090,H2-2023,5,2.4,Some hotel health live care season.
1613,1091,H2-2022,5,2.7,Appear owner song rule middle agree.
1614,1091,H2-2023,4,2,Administration pressure manager investment good however success.
1615,1092,H2-2022,3,3.7,Board fine word.
1616,1093,H1-2022,5,2.3,Teach seat eye third his.
1617,1093,H1-2024,5,3.2,Ok reach age test learn.
1618,1094,H1-2024,5,3.7,Discussion happy time west name wear street your.
1619,1094,H1-2022,4,4.6,Not huge easy social.
1620,1095,H2-2022,4,2.6,Among employee happy technology.
1621,1095,H1-2023,3,4.4,Image model lay someone include.
1622,1096,H1-2023,5,4.7,Campaign continue market blue wide nature health.
1623,1096,H2-2022,3,4.1,Teach sound particularly today hair peace.
1624,1097,H2-2022,3,3.6,Half drug skill daughter figure father catch.
1625,1097,H1-2023,4,2.2,Move school real.
1626,1098,H2-2022,3,4.1,Side decision institution nature box population.
1627,1099,H1-2022,3,2.7,Strong control rule maybe.
1628,1100,H1-2024,4,3.9,Day religious about society choose including politics.
1629,1101,H2-2022,4,2.2,Group sister six test art lawyer.
1630,1101,H1-2023,3,2.7,Guess recently eat experience message.
1631,1102,H2-2024,4,3.3,Red each thus shoulder.
1632,1103,H2-2022,3,3,Daughter though maybe these time.
1633,1104,H2-2023,4,4.7,Side decision general space.
1634,1105,H1-2023,4,2,At western someone himself stock.
1635,1105,H2-2022,5,2.2,Mean fall good serious.
1636,1106,H1-2023,4,3.8,Lawyer blood let different cultural court.
1637,1107,H1-2024,3,3.5,Somebody next rest memory yeah.
1638,1107,H1-2022,5,4.5,Catch blood minute child billion blood.
1639,1108,H2-2024,5,2.4,Technology research represent.
1640,1108,H2-2022,3,4.5,Go next best around.
1641,1109,H1-2022,5,3.3,Skill TV particular.
1642,1109,H2-2023,5,3.1,Dream issue us ever just eat.
1643,1110,H1-2022,5,4.1,Marriage nice me machine employee.
1644,1111,H1-2023,3,5,Pay six space whom ahead candidate.
1645,1112,H2-2022,6,4.9,Senior enter building final.
1646,1112,H1-2023,5,3.8,Environmental commercial sister music.
1647,1113,H1-2024,5,3.7,Left general body if second institution.
1648,1113,H1-2022,5,4.5,Production low rule.
1649,1114,H2-2024,3,4.5,Thousand smile response mention actually tend these.
1650,1115,H1-2022,5,4.5,Where power keep key.
1651,1116,H2-2023,4,4.9,That wind stage discussion author fund.
1652,1117,H1-2023,3,4.8,Under pay night usually option foreign.
1653,1118,H2-2023,3,3.7,Same may require physical ask and.
1654,1118,H1-2022,5,4.6,Will approach why whatever kid simple.
1655,1119,H2-2022,5,3.5,Final cell minute girl individual.
1656,1120,H1-2023,3,4.1,No rich eat not company southern.
1657,1120,H2-2022,4,4.1,Attack than home.
1658,1121,H2-2023,3,2.6,Suggest kind billion war huge actually drug.
1659,1122,H1-2022,3,2.1,Try fish gas up ever true.
1660,1123,H1-2022,5,2.2,Surface south whatever person.
1661,1123,H1-2024,5,3.1,Black PM campaign.
1662,1124,H2-2022,3,3,Manager into however heart old gas.
1663,1124,H2-2023,5,3.2,Begin resource Mr wish.
1664,1125,H2-2023,5,2.7,Lay onto really.
1665,1125,H2-2022,6,2.1,Drop consider make nor character strong.
1666,1126,H1-2023,4,2.8,Rock especially a forget so only you loss.
1667,1127,H2-2024,4,3.3,Amount main suffer the instead bed dream along.
1668,1128,H1-2024,4,2.8,Lead great long out Mrs yeah deep.
1669,1128,H2-2024,4,4.3,Huge budget side red join candidate.
1670,1129,H1-2024,3,2,Kid story plant eight suggest.
1671,1129,H1-2023,4,4.1,Minute like increase somebody check bit.
1672,1130,H1-2024,4,2.3,Space feeling help owner.
1673,1131,H1-2024,3,2.6,Recognize any include scientist.
1674,1131,H2-2023,3,2.5,Floor security animal.
1675,1132,H1-2022,4,3.2,Audience apply surface.
1676,1133,H1-2023,4,2.3,Kid picture fund management source available toward.
1677,1133,H1-2024,4,2.5,Investment machine about difference vote media.
1678,1134,H1-2024,5,4.5,Station try possible item people black quickly guy.
1679,1134,H1-2023,5,3.4,Final water plant.
1680,1135,H1-2024,4,3,Of level ability defense heart social subject.
1681,1135,H1-2023,4,2.3,Fire environment put station despite point through.
1682,1136,H2-2023,3,2.5,Federal build citizen quality.
1683,1136,H1-2023,4,3.5,Size wrong trade number control hospital number.
1684,1137,H2-2024,3,2.7,Check record across along happy war letter.
1685,1138,H2-2023,5,3,Lay policy several to site wide.
1686,1139,H2-2022,4,2.2,Pass high responsibility upon letter local.
1687,1139,H1-2022,6,3.1,Result drive follow end catch wrong large.
1688,1140,H1-2022,4,4.4,Follow professor during home success later manage.
1689,1141,H2-2024,4,3.2,Again economy final side statement push moment.
1690,1142,H2-2022,4,3.6,Feel view from agent couple.
1691,1142,H1-2022,4,2.4,Talk material third someone wait often.
1692,1143,H1-2024,3,4.9,Avoid son cut vote.
1693,1144,H2-2023,3,4.4,Record which conference computer.
1694,1145,H2-2023,5,2.1,Less interview bad mother eye travel.
1695,1146,H2-2023,4,2.5,Fund should nor we more team for difficult.
1696,1146,H1-2023,3,3.2,About government among place condition.
1697,1147,H1-2022,5,2.8,Popular trade our stay.
1698,1147,H2-2024,4,2.3,Safe mission challenge imagine stay system if.
1699,1148,H1-2022,3,2.9,Future course simply forget hope writer.
1700,1148,H1-2024,4,2.4,Art war each nation then.
1701,1149,H2-2023,4,4,Ball effort and sell look.
1702,1150,H2-2024,5,3.6,Spring TV behavior mind evening provide civil.
1703,1151,H1-2024,4,4.6,Many unit hard turn dinner.
1704,1152,H1-2022,3,4.3,Would participant guy church according policy plan section.
1705,1152,H1-2024,3,2.5,Early education management production record.
1706,1153,H1-2024,4,2,Conference adult exist become capital gun.
1707,1154,H2-2024,3,2.1,Argue customer pay rather between relate.
1708,1155,H1-2024,5,3.1,Commercial society describe trial imagine their.
1709,1156,H2-2023,5,4.5,Note cold high special.
1710,1157,H1-2022,3,2.6,Election be chair continue case his.
1711,1158,H1-2024,3,4.1,Perhaps yourself section whole sport local.
1712,1159,H1-2022,4,2.2,Every serve right without subject Democrat yes.
1713,1159,H1-2023,4,3,Especially PM material hospital rock.
1714,1160,H2-2022,4,2.1,Chance fall sit glass be.
1715,1160,H2-2024,4,4.2,Single cause smile government team.
1716,1161,H2-2022,3,2.6,Ability per knowledge also third participant process.
1717,1161,H1-2023,4,3.2,Quality age or well commercial prepare.
1718,1162,H2-2023,5,2.5,If fact three involve.
1719,1163,H2-2024,3,3.8,Then ability continue individual heavy someone south.
1720,1163,H2-2023,4,2.7,Service executive spend rather.
1721,1164,H1-2022,4,4.7,College still carry pattern gas ground.
1722,1165,H2-2023,3,2.7,Gun attorney fish bring watch water pressure.
1723,1165,H1-2023,5,4.1,Herself station street if cultural.
1724,1166,H1-2024,4,4.3,Major land line amount senior.
1725,1166,H1-2023,5,2.1,Good second marriage everyone.
1726,1167,H1-2023,3,4.9,Visit size money concern.
1727,1168,H1-2024,4,3.2,Pass able threat almost practice.
1728,1169,H1-2024,5,2.3,Eye late air home enter raise bring.
1729,1169,H2-2022,5,2.7,Eat oil majority paper when.
1730,1170,H1-2023,3,2.5,First over family.
1731,1171,H2-2023,3,4.2,Me thought else environmental gas human.
1732,1172,H2-2022,4,3.5,Significant lose term ahead fill wear discussion miss.
1733,1172,H1-2023,6,2.8,Choice exactly sure discuss until.
1734,1173,H2-2022,3,4.4,Stuff have out mouth structure.
1735,1174,H1-2024,4,4,Police its check family.
1736,1174,H2-2024,5,4.1,Generation manage nice strategy.
1737,1175,H1-2024,4,4.9,Race same strong everyone never.
1738,1176,H1-2022,4,3.9,Ready main buy exactly several among.
1739,1177,H1-2023,4,2.5,Adult social wife rise identify example.
1740,1177,H2-2023,5,2.8,Bar by third pull.
1741,1178,H1-2024,3,4.2,Staff exist drive remain her.
1742,1178,H2-2024,3,2.6,Artist region change since though coach billion simple.
1743,1179,H2-2024,4,3.7,Base argue may American practice heavy truth live.
1744,1180,H2-2023,3,2.9,Window other difficult theory.
1745,1181,H2-2023,4,4,List stay try eye hear.
1746,1182,H1-2024,5,3,Writer war exactly away.
1747,1182,H2-2023,5,3.2,Piece should couple national significant professor each.
1748,1183,H2-2024,5,2.9,Sell time family tell.
1749,1183,H1-2022,5,3.9,Station hard accept significant involve subject pass.
1750,1184,H1-2022,5,2.1,Everybody support stage best finally left material.
1751,1184,H2-2023,4,2.9,Close past south money beautiful.
1752,1185,H1-2022,4,3.1,Dinner north property save Mr reflect your development.
1753,1186,H2-2023,5,2.9,Beat western now less something audience anything.
1754,1186,H2-2022,4,3.1,Choice evening significant early huge suggest.
1755,1187,H2-2024,5,2.3,Whether field try at letter imagine.
1756,1188,H1-2023,5,4.7,Not center popular continue party child successful.
1757,1188,H1-2024,5,4.3,Student avoid watch husband town health.
1758,1189,H2-2024,5,2.5,Debate some which through help explain.
1759,1190,H1-2023,3,4.8,Hair source budget wear prepare size.
1760,1190,H1-2024,3,3.3,Several least dog evening entire.
1761,1191,H2-2023,5,2,Talk able left magazine easy choice.
1762,1192,H1-2022,4,4.6,Gas have allow issue.
1763,1192,H2-2024,5,3,Process answer meeting candidate.
1764,1193,H2-2024,5,2.8,As professor style true.
1765,1193,H2-2023,4,2.5,Exactly issue become pay.
1766,1194,H2-2023,3,4.8,Policy option focus information forget.
1767,1195,H1-2023,5,4.8,Avoid than need step.
1768,1195,H1-2024,4,4.1,Wear national never list all none.
1769,1196,H2-2024,4,4,Reveal officer budget message set black.
1770,1196,H1-2022,5,3.5,Box office he message.
1771,1197,H2-2024,4,3.1,Worker institution upon response great air it.
1772,1197,H2-2022,5,3.5,Some north budget plan a miss.
1773,1198,H2-2024,5,2.2,Half time travel season recognize.
1774,1198,H1-2022,4,3.3,Wrong president choice about.
1775,1199,H1-2023,4,3.8,President relate choice.
1776,1199,H2-2022,4,3.3,Weight week several kid successful.
1777,1200,H2-2022,3,4.7,From cultural step note international.
1778,1201,H1-2024,3,3.3,Risk huge defense born these his start.
1779,1202,H2-2022,3,2.9,Attack loss fact daughter quickly people happen feeling.
1780,1203,H2-2022,3,4.9,Clear body movie author take like reflect.
1781,1204,H2-2022,5,3.7,Central hear be fall stand.
1782,1204,H1-2023,4,3.1,Political area risk personal.
1783,1205,H1-2024,3,2.6,Compare central performance too crime.
1784,1205,H1-2023,4,3.9,Cold big girl care only back change.
1785,1206,H2-2024,4,2.4,Artist thousand choose fill shoulder increase though.
1786,1207,H1-2023,4,3.4,Third win single vote eight sister.
1787,1207,H2-2024,5,4.5,With second low event.
1788,1208,H1-2023,5,2.9,Concern give represent sport piece player.
1789,1209,H1-2024,4,3.3,Half bill mind.
1790,1209,H2-2023,4,2.5,Sing field operation figure drive four explain.
1791,1210,H1-2022,4,4.5,Leave well not way table traditional situation me.
1792,1210,H1-2024,5,4.7,Care common ago.
1793,1211,H2-2022,5,3.9,Imagine space dark suddenly.
1794,1212,H2-2023,4,4.7,Art phone note business physical.
1795,1212,H1-2022,3,4.7,Official worker thing ask ago manage home deal.
1796,1213,H1-2023,3,2.2,Over executive various man research sell use short.
1797,1214,H2-2024,3,4.2,Take support happy.
1798,1215,H2-2024,4,2.3,Maybe class spend fast national professor power.
1799,1215,H2-2023,5,2.3,On though election.
1800,1216,H2-2024,5,3.6,Beautiful small particularly home appear record still conference.
1801,1216,H1-2023,5,3.8,Large bad important study year.
1802,1217,H2-2022,5,3.1,Rich could figure sister trouble door.
1803,1218,H2-2022,3,4.8,Agency yes drug rise bag.
1804,1218,H1-2024,4,3.1,Religious feeling far point every make only half.
1805,1219,H2-2022,3,3.7,Upon why responsibility world compare.
1806,1220,H1-2023,5,4.3,Fish north too direction just camera method collection.
1807,1220,H2-2024,5,2.7,Where ago child ok while.
1808,1221,H2-2023,5,4.1,Subject art game son young.
1809,1221,H2-2024,3,4.9,Step contain relationship.
1810,1222,H1-2024,3,4.1,Order serve range however house discover point.
1811,1222,H2-2022,4,3.8,Late common whom film.
1812,1223,H1-2024,5,4.8,Although seven tree pass.
1813,1224,H2-2024,4,4.1,Property able never sound at individual carry.
1814,1225,H2-2024,3,2.8,Yet good energy anyone.
1815,1226,H2-2024,5,3.5,Probably policy consumer stock.
1816,1226,H2-2023,4,3.8,Care yet rate others between nature firm.
1817,1227,H2-2022,4,4.9,Talk list quite which message wall hour.
1818,1228,H2-2024,4,3.7,Small ago wait court.
1819,1229,H2-2022,4,5,Ahead relationship tough together.
1820,1229,H1-2023,5,2.8,Enjoy design by ready stuff side political.
1821,1230,H1-2022,3,4.6,Hand light plant way long change.
1822,1231,H2-2023,5,4.8,Sister most relationship need.
1823,1231,H2-2024,4,3.3,Message organization decade data maintain with social.
1824,1232,H2-2023,3,4.9,Model child simple partner our memory check science.
1825,1233,H2-2023,4,3.9,Whatever year environmental physical.
1826,1233,H1-2024,5,4.2,Before born low guess.
1827,1234,H2-2024,3,3.7,Game generation catch.
1828,1235,H1-2023,3,2.1,View accept total social south note officer.
1829,1235,H1-2022,5,4,Pm collection enough start expect.
1830,1236,H1-2022,5,4.7,People whatever really eye.
1831,1237,H1-2023,5,4.1,Himself lot thank once one.
1832,1237,H2-2022,4,2.2,Field parent research heavy boy cut difficult.
1833,1238,H1-2022,4,3.7,Chair movement point enjoy green close.
1834,1239,H2-2023,5,2.2,Lot college everything Congress.
1835,1240,H2-2024,3,3.4,Strategy blue dark into direction.
1836,1241,H2-2023,3,3.2,Raise possible some officer.
1837,1241,H2-2022,5,3.2,Kid week participant result miss.
1838,1242,H1-2022,4,4.8,Can let walk defense listen generation choose.
1839,1243,H2-2023,3,4.1,Defense your stuff south contain former back poor.
1840,1243,H1-2022,4,3,Lead better man candidate culture fish as.
1841,1244,H2-2023,4,4.3,Standard effect edge thousand important type.
1842,1245,H2-2023,5,3.5,Owner fear believe customer during deal rock including.
1843,1245,H1-2023,3,2.6,Develop space certain order.
1844,1246,H2-2022,3,4.2,Number where pass able body win.
1845,1246,H1-2023,3,3.7,Ability network almost whatever.
1846,1247,H1-2022,4,2.2,Husband charge might parent road almost serve.
1847,1248,H1-2024,5,2.7,Music in present catch.
1848,1248,H1-2022,4,2.6,Far whose memory do put score weight.
1849,1249,H2-2023,3,4.9,Stand call realize.
1850,1249,H1-2023,5,4.6,Population remember allow without herself set determine.
1851,1250,H2-2023,5,3.7,Participant heart special woman.
1852,1250,H1-2022,3,2.8,Think sound read news identify interesting.
1853,1251,H2-2023,5,4.8,Ball remember character.
1854,1252,H1-2022,5,2.3,Medical defense continue research learn.
1855,1252,H2-2023,5,2.4,Cultural big set resource loss picture.
1856,1253,H1-2022,5,2.7,You manage serious large hospital do.
1857,1253,H2-2024,5,4.6,Tax teach letter edge finish collection.
1858,1254,H1-2023,4,4,City down seek everyone image painting TV.
1859,1254,H2-2024,3,2.5,Stage high present travel seven couple four first.
1860,1255,H1-2024,3,3.9,Most deal among whether mother return goal.
1861,1256,H2-2024,5,3.3,Produce picture short civil art.
1862,1257,H1-2023,3,2.3,Before behavior represent effort.
1863,1257,H1-2022,3,2.6,American much story car western number.
1864,1258,H2-2022,4,4.4,Trip nation allow ready trouble always almost.
1865,1259,H1-2024,5,4.6,Wall return occur.
1866,1260,H1-2023,5,3.7,Commercial blood painting possible article civil lawyer.
1867,1260,H1-2024,3,4.1,Member affect party film during few best.
1868,1261,H2-2024,5,2.3,Western away visit institution.
1869,1261,H1-2024,3,3.4,Church get true paper government down free.
1870,1262,H1-2024,5,3.8,Son country hospital run.
1871,1262,H1-2023,4,3.3,Memory tell citizen total hear.
1872,1263,H1-2023,5,3.1,He according cup attack program chance lay.
1873,1263,H2-2022,5,4.8,Anything fine field eight avoid.
1874,1264,H1-2023,3,2.1,Despite wonder environmental it rule.
1875,1264,H2-2023,5,4.4,Effect memory summer like pretty attack.
1876,1265,H1-2022,4,3.3,Success lead reflect foreign discover author many.
1877,1266,H1-2022,6,4,Meeting home talk general open minute.
1878,1267,H2-2022,4,4.8,Cost customer else serve hour change these arm.
1879,1268,H1-2023,5,3.5,Such less general factor those mother.
1880,1269,H1-2023,4,2.8,Their watch pressure bill different.
1881,1269,H1-2022,4,4.4,Right rich speech girl.
1882,1270,H2-2023,3,4.1,Forward else light travel outside read always spring.
1883,1270,H1-2023,5,3.9,Management direction herself ball half pick shoulder.
1884,1271,H2-2023,5,2.6,Prove remember item.
1885,1271,H2-2024,5,2.1,Not more up myself base feel as.
1886,1272,H1-2024,4,4.9,Affect election wear tough.
1887,1272,H1-2022,4,4.6,Day myself body.
1888,1273,H2-2022,4,4.4,Organization risk per black break inside impact analysis.
1889,1273,H1-2022,4,4,Voice cover threat forget them.
1890,1274,H2-2023,6,4.4,Drop they back million score.
1891,1275,H2-2022,5,2.5,Record Congress well region music.
1892,1276,H2-2024,4,2.1,Field north church option cause way.
1893,1277,H2-2022,3,2.5,Condition of base business maybe not would system.
1894,1278,H1-2023,5,3.4,Perhaps hold success station.
1895,1278,H2-2022,3,3,Result sometimes possible what.
1896,1279,H1-2022,4,3.1,Cost development fly government staff.
1897,1280,H1-2023,3,2.6,Guy share capital color drop here language.
1898,1280,H2-2022,4,4.5,Fund each check.
1899,1281,H1-2022,3,3.8,Open age sell give.
1900,1281,H2-2024,4,4.6,Standard develop report tonight.
1901,1282,H2-2023,5,4.1,Issue my peace us.
1902,1283,H2-2022,3,4.3,Sound wind bed school.
1903,1283,H2-2024,5,3,Court meeting leader husband herself discuss magazine.
1904,1284,H2-2022,5,3.9,Relate effect however scene cause audience stock.
1905,1284,H2-2024,4,3.1,Interview magazine end reduce more discussion system.
1906,1285,H1-2022,3,3.2,Choice house fast language no edge PM.
1907,1286,H1-2024,5,2.1,Very most green husband economy build success.
1908,1286,H2-2022,5,3.1,Culture hour send ahead along.
1909,1287,H2-2022,5,3,Organization stock unit matter so.
1910,1288,H1-2024,4,3.5,Mind no real particular trip court.
1911,1289,H2-2024,4,4.6,Forward wide specific people body school make.
1912,1289,H2-2023,4,3.1,Heavy court show.
1913,1290,H1-2024,3,2.7,Media history reduce truth eat question appear.
1914,1290,H2-2022,5,2.1,Without pick hundred point into whole tell husband.
1915,1291,H2-2022,3,3.7,Color company agency forward receive college.
1916,1292,H2-2024,4,4.3,Somebody maintain cost chance true agreement around.
1917,1293,H2-2022,5,3.2,Public standard hear range return fire.
1918,1294,H2-2024,4,2.3,Check officer various whom.
1919,1295,H2-2023,4,4.1,Tend hit although wall none.
1920,1295,H2-2024,3,4.7,Return describe matter magazine start.
1921,1296,H1-2023,4,2.4,Performance sea whatever shoulder condition yourself government rate.
1922,1297,H2-2024,3,4.1,Town space experience month.
1923,1297,H1-2022,3,4.7,Military morning quickly ahead its rich.
1924,1298,H1-2023,5,4.8,Happen push young report of.
1925,1299,H2-2022,3,3.8,Include land bank.
1926,1299,H2-2024,5,2.7,Cold social old use.
1927,1300,H1-2022,4,2.8,Fear responsibility son also.
1928,1300,H1-2024,3,4,Forward change necessary day.
1929,1301,H2-2022,3,4.8,You star along project what.
1930,1301,H1-2022,5,2.2,Stop economic every increase during there economy.
1931,1302,H1-2024,3,3.7,Line view skin close.
1932,1303,H1-2024,3,2.6,Six past white list camera common here.
1933,1304,H2-2022,4,3.3,Modern gas international generation event.
1934,1304,H1-2023,4,3.6,Heavy seat TV thing arm people.
1935,1305,H2-2024,4,2.3,Population interest join son painting benefit peace.
1936,1305,H1-2022,5,3.9,Go would well network rather central specific air.
1937,1306,H1-2024,4,4.1,Hospital report official.
1938,1307,H1-2022,4,2.1,These couple write member various their bed.
1939,1307,H2-2022,5,3.9,Life city want heavy herself conference surface.
1940,1308,H1-2024,4,4.8,Door you significant road wonder.
1941,1308,H2-2024,4,4.7,Find stay bring total watch.
1942,1309,H2-2024,4,2.8,Something wrong process management.
1943,1309,H1-2024,5,4.4,Each from hold agree local difficult hard affect.
1944,1310,H2-2022,4,3.8,Customer simple bed list home.
1945,1311,H2-2023,5,4,Out create according green describe.
1946,1311,H1-2023,5,2.3,Hour same practice full.
1947,1312,H2-2024,5,5,Simply every son hundred along mission.
1948,1313,H1-2023,3,3,Account present seem amount almost word.
1949,1314,H1-2023,5,4.8,Lay case box much PM detail.
1950,1315,H2-2023,3,2.9,Share case bill hour article nor evening.
1951,1316,H2-2023,4,4.1,Popular continue create let foreign on factor.
1952,1317,H1-2023,5,4.3,Head southern term song bag security arrive former.
1953,1317,H2-2023,4,3.7,Practice join find bar little pay.
1954,1318,H1-2023,3,4.3,Character half exist price and glass.
1955,1319,H1-2024,5,2.6,Treatment agree crime.
1956,1320,H1-2024,4,5,Class because according religious.
1957,1321,H1-2022,3,2.4,Need staff economy behavior by win road.
1958,1321,H2-2023,3,4.7,Message not bad north between hospital particular real.
1959,1322,H1-2024,4,3,Language concern college outside Mrs.
1960,1323,H2-2024,3,4.7,Bar heart build item main picture.
1961,1324,H1-2023,3,3,Line same site realize event magazine third.
1962,1325,H2-2022,4,4.5,Front gas opportunity crime treat sign.
1963,1325,H1-2023,4,3.2,In stay offer few source beyond.
1964,1326,H2-2023,3,3.8,However property participant professor.
1965,1327,H1-2024,5,3.9,Lose reveal improve man first management.
1966,1328,H2-2023,4,2,History film ahead.
1967,1329,H1-2022,4,3.9,Thousand control page nature.
1968,1330,H2-2022,3,3.1,Section contain strong child new Congress.
1969,1330,H2-2024,3,3.6,Majority model task environment.
1970,1331,H1-2023,5,4.7,Common important book five medical consumer pattern.
1971,1331,H2-2024,5,3.3,Across director by what.
1972,1332,H2-2022,5,4.8,Or trade gun fight concern little skill.
1973,1332,H1-2024,5,2.1,Party sport table have music manage.
1974,1333,H1-2024,5,2.8,Political turn policy particular politics stay.
1975,1334,H2-2022,4,2.5,Particular benefit total practice whatever.
1976,1335,H1-2024,3,3.1,Later table environmental how southern sing.
1977,1335,H2-2023,4,4.5,Reality may prepare activity fast truth effort.
1978,1336,H1-2022,5,3.5,Large sport then west election which loss.
1979,1336,H2-2023,4,3.4,Reflect bank lose Democrat professor.
1980,1337,H1-2023,3,4.7,Data still receive have clearly.
1981,1338,H2-2022,5,2.7,Early threat open culture.
1982,1339,H2-2023,3,2.6,Action film nation far.
1983,1340,H1-2022,5,2,Dark increase capital art.
1984,1341,H1-2024,4,4.3,Agent probably last three environmental.
1985,1342,H1-2022,3,2.3,Seek though writer matter mother.
1986,1343,H1-2024,3,5,Case system glass region Mrs.
1987,1344,H2-2023,6,2.9,Sound effect pass assume majority.
1988,1344,H2-2022,5,3.8,Figure safe most suffer character animal try run.
1989,1345,H2-2024,3,4.1,Computer off near officer here make.
1990,1346,H1-2024,5,2.1,Produce describe song security police.
1991,1347,H2-2024,3,3.9,Mrs choose rate I firm table smile economic.
1992,1348,H1-2022,5,2.5,Although about quickly method.
1993,1348,H2-2022,3,4.3,Claim notice professor color.
1994,1349,H2-2023,3,3.3,Political alone spring full certainly toward prove.
1995,1350,H1-2023,5,4.1,Foreign decision room learn sometimes line rich.
1996,1350,H2-2023,3,3,Goal fill manage talk surface happy nature project.
1997,1351,H2-2023,5,2.3,Case along see manager.
1998,1352,H2-2023,4,4,Line onto base particular hard.
1999,1353,H1-2023,5,3.8,Whether above in against foreign fish.
2000,1353,H2-2023,3,4.9,But writer gas or thank officer.
2001,1354,H2-2023,5,4.2,Prepare woman particularly.
2002,1355,H2-2024,4,4.1,Professor grow trip foreign.
2003,1356,H1-2022,4,3.3,Central politics leader.
2004,1356,H1-2024,5,2.3,May lawyer partner loss low.
2005,1357,H2-2022,3,4.6,Any once second mouth impact recognize cell usually.
2006,1358,H2-2022,4,4.8,Society sport politics staff.
2007,1359,H1-2024,3,3.3,Pay hair indicate large.
2008,1359,H2-2024,4,4.1,Exist major beautiful drop type happy reduce.
2009,1360,H1-2022,4,3.6,Song several page yourself.
2010,1360,H1-2024,4,2.6,Meeting good strategy pattern lead.
2011,1361,H2-2023,3,3.2,Life increase relate cultural tell allow young.
2012,1361,H2-2022,3,4.1,Manager half interesting decision blood.
2013,1362,H1-2022,4,4.7,Law minute mother institution some describe key assume.
2014,1362,H1-2024,5,3,Space meet level everyone open.
2015,1363,H1-2023,4,3,Child enough increase so hold that computer.
2016,1364,H1-2024,3,2.8,According argue much art family.
2017,1364,H2-2024,3,2.1,Seven onto sea some require sure.
2018,1365,H1-2022,5,3.3,Cut recently lay popular population result.
2019,1365,H1-2023,6,3.5,Pretty form good if reveal his while.
2020,1366,H1-2022,4,2.5,Benefit floor here close bag evening its.
2021,1367,H1-2024,5,2.7,Direction computer blue indeed develop campaign.
2022,1367,H1-2023,4,2.8,Board seem international town share movie.
2023,1368,H2-2023,4,3.3,Operation research cell get economy school perform.
2024,1368,H1-2024,5,2,Mean significant use.
2025,1369,H1-2023,5,3,Boy always stay hair collection.
2026,1370,H2-2024,4,4,See resource day.
2027,1371,H1-2024,4,2.5,Section significant firm specific impact view.
2028,1371,H1-2022,3,4.9,South along glass television hour market.
2029,1372,H2-2024,4,4.8,Others bag word trip address baby.
2030,1372,H1-2022,3,3.5,Study perform save will at important.
2031,1373,H2-2024,5,4.6,Official cultural describe few beyond its resource industry.
2032,1373,H1-2023,3,3.9,Down information thank several about.
2033,1374,H1-2024,5,4.9,Cover American be goal discussion.
2034,1375,H1-2022,6,4.5,Floor black tough trouble way heart.
2035,1376,H1-2022,5,2.4,Church avoid street agree.
2036,1377,H2-2022,6,3.7,Show term any not prepare few question.
2037,1378,H2-2022,4,3.4,Suffer amount hospital forward speak form concern.
2038,1378,H2-2023,4,4,Likely left apply method instead increase maybe.
2039,1379,H2-2023,3,2,Hand way do candidate garden available.
2040,1380,H1-2023,3,2.3,Ago high security understand second business nothing.
2041,1381,H2-2024,4,3.8,Successful great get opportunity for guess number describe.
2042,1381,H1-2022,3,4.1,Tax everybody time site.
2043,1382,H2-2022,3,2.6,Data college of scene through if strategy enough.
2044,1383,H1-2024,6,4.6,Brother little democratic attention service section.
2045,1384,H2-2022,4,4.3,Fly nothing itself ground.
2046,1385,H2-2023,3,4.6,Safe state detail first million.
2047,1386,H2-2024,4,5,Front true how among nor rule vote.
2048,1386,H1-2022,5,3.6,Community environment middle matter create.
2049,1387,H1-2023,5,3.9,Character window price family two box.
2050,1388,H2-2023,4,3.1,Wear table here charge.
2051,1389,H2-2024,5,4.9,Finish wind charge point behind five win.
2052,1389,H1-2024,3,2.3,Career phone figure president.
2053,1390,H1-2022,5,2,Stop nearly kitchen.
2054,1390,H2-2022,4,2.2,Simply listen network kitchen.
2055,1391,H2-2023,4,3.4,Trip meet when smile.
2056,1392,H1-2022,3,2.7,His serious response compare close high.
2057,1393,H2-2024,3,2.3,Pressure research area behavior report late.
2058,1393,H2-2022,3,2.8,Soldier all strategy sport power southern sit.
2059,1394,H1-2023,5,4.6,Pick past point probably factor bed.
2060,1395,H2-2022,4,3.7,One property institution green its per.
2061,1396,H1-2023,4,3.8,Door campaign baby form.
2062,1396,H2-2024,5,5,Author debate certain within off push understand.
2063,1397,H1-2022,3,2.1,Fast involve various culture country.
2064,1398,H2-2024,3,4.4,Effort sing mind shake front without.
2065,1398,H1-2022,5,3.2,Word business well.
2066,1399,H2-2024,3,4.4,Science doctor without.
2067,1399,H1-2024,3,2.4,Your before run season enough.
2068,1400,H1-2022,4,4.2,They third understand set president need let.
2069,1400,H1-2023,5,3.4,Challenge set hospital much.
2070,1401,H2-2023,3,4.6,Growth successful daughter bad themselves rate tax.
2071,1402,H2-2024,3,2.7,Ground nice beautiful four.
2072,1403,H1-2024,3,4.9,Within trial team we artist home property.
2073,1404,H1-2022,3,3.4,Her television my seek find.
2074,1404,H1-2024,5,4.7,Wind free them purpose.
2075,1405,H2-2022,5,2.8,Reveal dog open whatever share win.
2076,1406,H1-2024,3,2.6,Lawyer rate kitchen.
2077,1406,H1-2023,3,2.7,Month simple read expect energy.
2078,1407,H2-2022,5,4.5,Newspaper feel perform miss laugh positive history prevent.
2079,1407,H2-2024,4,3.4,Always number above ask.
2080,1408,H1-2024,5,3.3,Company military develop start.
2081,1408,H2-2024,6,3.2,Space actually close art.
2082,1409,H1-2024,5,3.7,List box seem fear.
2083,1410,H2-2023,4,3.1,Western value resource by sometimes.
2084,1411,H1-2024,3,4.5,Partner strong out PM out where hot.
2085,1411,H1-2022,3,4.6,State general difference score hot year.
2086,1412,H1-2024,4,4.7,Environment report morning Democrat.
2087,1413,H1-2023,4,3.5,Morning occur husband none.
2088,1414,H2-2022,5,4,Fly quite give firm baby huge.
2089,1415,H2-2024,4,4.1,Into speak purpose order should.
2090,1416,H1-2023,5,2.4,Some follow hit.
2091,1417,H1-2022,4,2.7,More determine human.
2092,1418,H1-2023,3,3.7,Long size not.
2093,1418,H2-2023,4,3.7,Body of military might.
2094,1419,H2-2023,5,2.3,Our until between far wait success push.
2095,1419,H1-2022,3,2.3,Wish model wide population.
2096,1420,H2-2023,5,4.2,Ten ok street beautiful kitchen defense.
2097,1421,H1-2024,3,4.7,Moment performance start concern.
2098,1421,H2-2022,4,4,Television body bed agree data power mind.
2099,1422,H1-2023,4,5,Claim article financial return.
2100,1423,H2-2022,4,4.9,Cost next close challenge collection.
2101,1423,H1-2024,3,4.3,Else pass much pass ability outside.
2102,1424,H2-2022,5,4.2,Though field sound piece do evening animal.
2103,1424,H2-2024,5,4.5,Now rich might base east six successful.
2104,1425,H1-2023,3,2.6,Recent growth much option.
2105,1425,H2-2024,3,3.3,True surface effect news miss off.
2106,1426,H2-2023,3,2.8,Everything seat series fill whether field.
2107,1426,H1-2022,3,2.7,Both lawyer camera art deep reduce.
2108,1427,H2-2023,5,4.9,Assume reach skill cause later well after.
2109,1427,H1-2023,4,4.7,Job coach available beautiful question.
2110,1428,H2-2022,5,3.2,According leave particular particular probably speak.
2111,1429,H2-2023,5,4.5,Early treat price he responsibility language.
2112,1429,H2-2024,4,2.2,Remain do vote especially prevent case.
2113,1430,H1-2024,5,3.6,Either break defense drug language face team.
2114,1430,H1-2022,3,2.9,Lot road free until.
2115,1431,H2-2024,4,4,Performance enjoy doctor mouth should require.
2116,1431,H2-2023,5,4.5,Study officer pressure early like candidate.
2117,1432,H1-2022,4,4.9,Meeting party job man.
2118,1433,H2-2024,5,2.3,Always with instead choice material.
2119,1433,H2-2022,3,4.6,Account national what old type be yard.
2120,1434,H2-2023,4,2.9,Professional eye list strategy focus concern himself.
2121,1434,H1-2024,4,4.7,Letter as real key.
2122,1435,H1-2023,3,3.6,Model beyond consumer ask.
2123,1436,H2-2024,5,3.6,Begin research process indeed.
2124,1437,H1-2024,4,3.5,Better civil after across.
2125,1438,H1-2024,5,4.5,Citizen high whose attorney though.
2126,1438,H1-2023,3,3,Miss response their gun.
2127,1439,H1-2024,5,3.9,Possible heavy wide decade both.
2128,1439,H1-2022,5,3.7,Financial same billion how start include modern.
2129,1440,H2-2024,4,3.7,Media easy today sort sign other relationship.
2130,1440,H1-2023,3,3.8,Activity possible gun represent structure.
2131,1441,H1-2022,5,4.2,Beat model company either big safe example.
2132,1441,H1-2024,5,2.2,Oil message whether south nature whom break improve.
2133,1442,H2-2022,3,3.1,Standard easy carry others maybe south.
2134,1443,H1-2022,5,3.7,Call traditional but enough.
2135,1443,H1-2023,4,4.9,Piece lay million better past within.
2136,1444,H2-2024,4,2.8,Religious since price thus keep.
2137,1445,H1-2022,5,4.9,Reflect growth kid month.
2138,1446,H1-2022,5,3.9,Skin sure anything.
2139,1446,H1-2024,5,3.3,Gun consider raise ten peace our threat ground.
2140,1447,H2-2023,4,3,Pay movie reach always.
2141,1448,H1-2022,4,3.1,Imagine inside might company rather.
2142,1448,H1-2024,3,3.1,Arrive information add trouble sound exist beautiful do.
2143,1449,H2-2024,4,4.8,Yourself walk bill use item live.
2144,1449,H2-2023,3,4.8,American from ball together station budget.
2145,1450,H2-2024,5,2.6,Much be let television stock style.
2146,1451,H1-2022,5,3.8,Bill someone people those challenge commercial lead.
2147,1452,H2-2024,5,4.5,Mr yard seek.
2148,1453,H1-2022,3,2.4,Behind happy three foot carry yeah writer.
2149,1453,H2-2024,4,2.2,Buy relationship defense child both make huge consider.
2150,1454,H1-2024,4,3.5,Drop loss look try.
2151,1455,H2-2023,4,4.9,None to present think special late.
2152,1455,H2-2024,4,4.8,Federal school member maintain region.
2153,1456,H2-2022,3,4.8,Quite window difficult without range huge morning.
2154,1457,H2-2022,4,3.1,Lot meet send heavy trouble.
2155,1458,H2-2023,3,2.9,About sea husband term suffer.
2156,1458,H1-2022,4,3.7,Type prove future.
2157,1459,H2-2022,5,2.8,Listen our those either foot property tend pattern.
2158,1459,H2-2024,5,4.2,Detail the truth if.
2159,1460,H1-2022,4,3.3,Author deal sit people write.
2160,1461,H1-2023,4,3.1,Race treatment floor official tonight seven cold bank.
2161,1461,H2-2022,5,4.3,Small town now knowledge know.
2162,1462,H1-2024,3,3,Tax just lose scene each smile.
2163,1462,H1-2023,3,2.1,Pretty respond million occur some brother within.
2164,1463,H2-2023,3,4.5,City other various skin.
2165,1463,H1-2023,5,3.6,Sure speak fall next try.
2166,1464,H2-2022,5,3.5,Others environmental audience.
2167,1464,H2-2023,5,2.8,Do live our few pick ground behind.
2168,1465,H1-2023,5,4.3,North job accept.
2169,1466,H1-2023,4,2.4,Result build public administration.
2170,1467,H2-2024,3,4.8,Production part tonight campaign international.
2171,1468,H2-2023,4,2.7,Himself student there employee fish.
2172,1468,H1-2023,3,4.7,Street focus both free rule.
2173,1469,H2-2023,4,3.7,With almost energy network foreign say value.
2174,1470,H2-2022,3,4.9,And staff level bank.
2175,1470,H2-2024,6,3.3,Real wall teach treat head possible newspaper.
2176,1471,H1-2022,4,2.5,Thus ever let see.
2177,1471,H2-2023,3,4.8,Tend huge training air least style another.
2178,1472,H2-2023,3,3.7,International laugh almost find.
2179,1473,H2-2024,5,2.6,Laugh after indeed court.
2180,1474,H2-2024,6,2,Forget economy south community outside.
2181,1475,H1-2024,5,2.8,Part less let.
2182,1476,H2-2024,3,4.5,Chair support should everything rock value activity clearly.
2183,1476,H2-2022,3,3.6,Trip general including television include future.
2184,1477,H2-2024,3,3.8,Get road notice none.
2185,1478,H2-2024,5,2.6,Pressure ahead model listen.
2186,1478,H1-2024,4,5,Impact daughter well trip.
2187,1479,H2-2024,5,2.1,Oil around describe manager like.
2188,1480,H2-2023,5,4.2,By sport happy ever list identify soldier reach.
2189,1481,H1-2024,3,5,Campaign behind modern their news.
2190,1481,H1-2023,5,2.1,Station physical get election program quality miss just.
2191,1482,H1-2022,5,3.2,Reflect when pass recently nearly.
2192,1483,H1-2023,3,3.2,Present compare enter tough purpose whose.
2193,1484,H2-2022,4,3.6,Old use bring agent paper ready tough somebody.
2194,1485,H1-2023,4,4.1,Include small candidate least Congress must.
2195,1485,H1-2024,4,4.7,Bring college end significant another others.
2196,1486,H2-2024,3,4.1,A economy upon education system.
2197,1487,H2-2024,5,3.7,Technology minute focus prevent contain part.
2198,1487,H2-2022,5,4.4,American really admit.
2199,1488,H1-2022,5,4.7,Traditional end clearly win impact.
2200,1488,H2-2024,6,3.8,Miss all candidate out American guess leg you.
2201,1489,H1-2022,4,2,Some police parent pass car beyond.
2202,1490,H2-2024,3,4,Case tend style until strategy suddenly interest.
2203,1491,H2-2024,5,2.3,Amount ask senior behavior.
2204,1492,H1-2022,3,4,Pull appear bring such station effect.
2205,1493,H2-2022,5,3.9,Issue hope take strategy arrive.
2206,1493,H2-2023,4,4.3,Soldier major way.
2207,1494,H2-2023,3,4.1,Animal must city produce next.
2208,1495,H1-2024,3,2.4,Recently these and story until do election recognize.
2209,1496,H1-2024,3,2.1,Issue mother sound amount.
2210,1496,H1-2023,5,4.2,Market under next month camera know event.
2211,1497,H2-2022,3,3,Take program business bank himself give share least.
2212,1498,H2-2024,4,2.1,Money either follow matter material region owner.
2213,1498,H2-2022,4,4.9,Able music something trip present.
2214,1499,H2-2023,4,4.7,Three magazine religious class admit for.
2215,1499,H2-2022,4,3.2,Decade actually many movie data.
2216,1500,H1-2024,5,3,New time respond radio will floor.
2217,1500,H2-2023,5,3.9,Source collection billion ask.
